transaction_id,transaction_date,merchant,payment_gateway,payment_method,amount,status,failure_reason,gateway_fee,settlement_amount,settlement_date,reconciliation_status
1,2026-03-23,MediPlus,Cashfree,Card,1758.83,SUCCESS,,12.48,1746.35,2026-03-23,RECONCILED
2,2026-01-12,QuickMart,Razorpay,Card,8898.34,SUCCESS,,75.55,8822.79,2026-01-14,UNRECONCILED
3,2026-03-25,QuickMart,Stripe,NetBanking,10549.74,SUCCESS,,180.84,10368.9,2026-03-25,RECONCILED
4,2026-03-31,StyleKart,Cashfree,NetBanking,6396.95,SUCCESS,,41.79,6355.16,2026-04-01,RECONCILED
5,2026-03-19,StyleKart,Stripe,UPI,4041.36,SUCCESS,,79.2,3962.16,2026-03-20,RECONCILED
6,2026-03-22,StyleKart,Cashfree,UPI,9315.94,FAILED,Bank timeout,52.98,0,,NOT_APPLICABLE
7,2026-01-11,QuickMart,Stripe,NetBanking,12844.23,FAILED,Invalid credentials,151.58,0,,NOT_APPLICABLE
8,2026-02-17,TravelNow,Razorpay,Card,5393.53,SUCCESS,,70.18,5323.35,2026-02-17,RECONCILED
9,2026-02-04,FoodHub,Cashfree,NetBanking,14843.9,SUCCESS,,261.89,14582.01,2026-02-04,RECONCILED
10,2026-02-10,TravelNow,PayU,Card,6077.36,SUCCESS,,90.14,5987.22,2026-02-11,RECONCILED
11,2026-01-19,QuickMart,PayU,Wallet,4046.71,SUCCESS,,74.73,3971.98,2026-01-20,RECONCILED
12,2026-03-07,FoodHub,Razorpay,Card,7453.39,SUCCESS,,107.42,7345.97,2026-03-09,RECONCILED
13,2026-02-19,MediPlus,PayU,UPI,5786.13,PENDING,Insufficient funds,87.97,0,,NOT_APPLICABLE
14,2026-02-04,StyleKart,PayU,Wallet,11552.12,SUCCESS,,85.17,11466.95,2026-02-04,RECONCILED
15,2026-03-06,QuickMart,Razorpay,NetBanking,11453.24,SUCCESS,,201.86,11251.38,2026-03-08,RECONCILED
16,2026-02-17,StyleKart,Razorpay,NetBanking,11461.41,SUCCESS,,141.31,11320.1,2026-02-17,RECONCILED
17,2026-01-31,MediPlus,Razorpay,UPI,963.08,FAILED,Insufficient funds,15.39,0,,NOT_APPLICABLE
18,2026-01-17,QuickMart,Cashfree,NetBanking,2013.03,SUCCESS,,26.0,1987.03,2026-01-19,RECONCILED
19,2026-03-11,MediPlus,PayU,Wallet,11353.45,SUCCESS,,226.24,11127.21,2026-03-13,RECONCILED
20,2026-02-27,FoodHub,PayU,UPI,1902.96,SUCCESS,,26.31,1876.65,2026-02-27,RECONCILED
21,2026-01-10,StyleKart,Razorpay,UPI,10646.83,SUCCESS,,190.52,10456.31,2026-01-10,RECONCILED
22,2026-03-27,FoodHub,Stripe,Card,7332.68,SUCCESS,,122.96,7209.72,2026-03-28,RECONCILED
23,2026-03-26,TravelNow,Stripe,UPI,6522.66,SUCCESS,,98.5,6424.16,2026-03-28,RECONCILED
24,2026-02-13,StyleKart,Cashfree,Card,12028.83,SUCCESS,,156.91,11871.92,2026-02-13,RECONCILED
25,2026-03-01,FoodHub,Stripe,UPI,3822.12,FAILED,Limit exceeded,22.01,0,,NOT_APPLICABLE
26,2026-01-12,TravelNow,Cashfree,Wallet,13902.87,FAILED,Bank timeout,170.79,0,,NOT_APPLICABLE
27,2026-01-08,MediPlus,Stripe,NetBanking,2553.09,SUCCESS,,48.25,2504.84,2026-01-09,RECONCILED
28,2026-03-26,FoodHub,PayU,Card,10804.28,SUCCESS,,211.01,10593.27,2026-03-28,RECONCILED
29,2026-02-10,FoodHub,Cashfree,UPI,951.76,SUCCESS,,18.48,933.28,2026-02-10,RECONCILED
30,2026-03-18,QuickMart,Stripe,UPI,1112.62,FAILED,Limit exceeded,21.28,0,,NOT_APPLICABLE
31,2026-03-16,StyleKart,Stripe,NetBanking,8958.34,SUCCESS,,170.39,8787.95,2026-03-16,RECONCILED
32,2026-01-31,MediPlus,PayU,Wallet,4057.66,SUCCESS,,39.53,4018.13,2026-01-31,UNRECONCILED
33,2026-03-14,QuickMart,Cashfree,NetBanking,14941.84,SUCCESS,,104.4,14837.44,2026-03-15,RECONCILED
34,2026-02-17,FoodHub,PayU,UPI,4346.31,SUCCESS,,65.27,4281.04,2026-02-19,RECONCILED
35,2026-01-18,StyleKart,Cashfree,NetBanking,4040.54,FAILED,Bank timeout,37.28,0,,NOT_APPLICABLE
36,2026-01-27,FoodHub,Stripe,NetBanking,10343.71,FAILED,Insufficient funds,192.19,0,,NOT_APPLICABLE
37,2026-03-23,QuickMart,Razorpay,NetBanking,6411.28,SUCCESS,,106.21,6305.07,2026-03-25,RECONCILED
38,2026-02-26,MediPlus,Razorpay,UPI,8320.04,SUCCESS,,50.99,8269.05,2026-02-28,RECONCILED
39,2026-01-05,FoodHub,Cashfree,Wallet,12535.47,SUCCESS,,86.64,12448.83,2026-01-06,RECONCILED
40,2026-02-15,QuickMart,Razorpay,NetBanking,3230.14,SUCCESS,,53.95,3176.19,2026-02-16,RECONCILED
41,2026-01-31,TravelNow,Cashfree,Wallet,12982.62,PENDING,Invalid credentials,69.74,0,,NOT_APPLICABLE
42,2026-03-27,FoodHub,PayU,Card,12974.55,SUCCESS,,218.11,12756.44,2026-03-27,RECONCILED
43,2026-03-02,QuickMart,Stripe,NetBanking,3414.26,SUCCESS,,32.7,3381.56,2026-03-02,RECONCILED
44,2026-02-21,MediPlus,PayU,NetBanking,4991.1,FAILED,Technical error,72.98,0,,NOT_APPLICABLE
45,2026-02-12,MediPlus,PayU,Card,14094.63,SUCCESS,,193.22,13901.41,2026-02-13,RECONCILED
46,2026-02-25,FoodHub,Stripe,UPI,5250.74,SUCCESS,,56.59,5194.15,2026-02-27,RECONCILED
47,2026-02-25,MediPlus,Cashfree,NetBanking,125.2,FAILED,Invalid credentials,1.44,0,,NOT_APPLICABLE
48,2026-02-10,StyleKart,PayU,NetBanking,9984.47,SUCCESS,,149.8,9834.67,2026-02-11,RECONCILED
49,2026-03-12,FoodHub,Stripe,Card,1996.59,SUCCESS,,28.42,1968.17,2026-03-13,RECONCILED
50,2026-02-08,TravelNow,PayU,Wallet,4375.01,SUCCESS,,50.87,4324.14,2026-02-10,RECONCILED
51,2026-01-22,QuickMart,PayU,UPI,9916.88,SUCCESS,,171.33,9745.55,2026-01-22,RECONCILED
52,2026-01-26,TravelNow,Stripe,UPI,2295.57,SUCCESS,,27.16,2268.41,2026-01-28,RECONCILED
53,2026-03-05,MediPlus,Razorpay,UPI,6054.83,SUCCESS,,100.97,5953.86,2026-03-05,RECONCILED
54,2026-03-01,MediPlus,Razorpay,Wallet,848.25,SUCCESS,,5.94,842.31,2026-03-02,RECONCILED
55,2026-03-18,QuickMart,Stripe,Wallet,4827.74,SUCCESS,,84.29,4743.45,2026-03-20,RECONCILED
56,2026-03-02,StyleKart,PayU,Wallet,6806.04,SUCCESS,,98.02,6708.02,2026-03-03,RECONCILED
57,2026-01-31,QuickMart,Razorpay,Card,4148.56,SUCCESS,,30.13,4118.43,2026-02-01,RECONCILED
58,2026-01-09,MediPlus,Stripe,Wallet,6281.53,SUCCESS,,37.27,6244.26,2026-01-10,RECONCILED
59,2026-03-31,StyleKart,Stripe,Wallet,391.03,FAILED,Invalid credentials,1.99,0,,NOT_APPLICABLE
60,2026-02-19,TravelNow,Stripe,Card,12816.37,PENDING,Invalid credentials,157.94,0,,NOT_APPLICABLE
61,2026-03-04,MediPlus,Stripe,Card,532.47,SUCCESS,,9.38,523.09,2026-03-04,RECONCILED
62,2026-01-04,QuickMart,Razorpay,UPI,13613.24,SUCCESS,,199.31,13413.93,2026-01-04,RECONCILED
63,2026-01-07,TravelNow,Stripe,NetBanking,3976.33,SUCCESS,,40.01,3936.32,2026-01-08,RECONCILED
64,2026-02-02,FoodHub,Razorpay,NetBanking,12540.17,SUCCESS,,104.88,12435.29,2026-02-02,RECONCILED
65,2026-01-04,MediPlus,Razorpay,Card,14249.21,SUCCESS,,122.23,14126.98,2026-01-05,RECONCILED
66,2026-01-28,QuickMart,PayU,Card,7029.01,SUCCESS,,99.03,6929.98,2026-01-30,RECONCILED
67,2026-02-09,MediPlus,PayU,Wallet,1710.67,SUCCESS,,18.73,1691.94,2026-02-11,RECONCILED
68,2026-03-30,StyleKart,PayU,UPI,12475.52,SUCCESS,,211.38,12264.14,2026-04-01,RECONCILED
69,2026-03-10,StyleKart,PayU,UPI,6482.83,SUCCESS,,115.03,6367.8,2026-03-11,RECONCILED
70,2026-03-23,StyleKart,Cashfree,Wallet,13384.47,SUCCESS,,102.28,13282.19,2026-03-25,RECONCILED
71,2026-03-20,StyleKart,Stripe,Wallet,12142.17,SUCCESS,,140.04,12002.13,2026-03-22,RECONCILED
72,2026-02-01,TravelNow,Stripe,Card,12477.89,SUCCESS,,202.85,12275.04,2026-02-03,RECONCILED
73,2026-02-13,StyleKart,Cashfree,Wallet,527.63,FAILED,Invalid credentials,4.32,0,,NOT_APPLICABLE
74,2026-02-05,TravelNow,PayU,UPI,13216.77,SUCCESS,,168.51,13048.26,2026-02-05,RECONCILED
75,2026-03-04,QuickMart,Stripe,Wallet,8372.13,SUCCESS,,98.14,8273.99,2026-03-04,RECONCILED
76,2026-02-21,MediPlus,PayU,Wallet,10407.63,SUCCESS,,138.44,10269.19,2026-02-22,RECONCILED
77,2026-02-12,FoodHub,PayU,NetBanking,5341.98,SUCCESS,,45.18,5296.8,2026-02-14,RECONCILED
78,2026-03-10,MediPlus,Cashfree,Card,14268.08,SUCCESS,,229.42,14038.66,2026-03-11,RECONCILED
79,2026-03-18,MediPlus,Cashfree,NetBanking,4316.68,SUCCESS,,36.31,4280.37,2026-03-18,RECONCILED
80,2026-01-17,FoodHub,PayU,Card,4187.24,PENDING,Technical error,61.0,0,,NOT_APPLICABLE
81,2026-01-02,TravelNow,Stripe,NetBanking,8653.56,SUCCESS,,67.2,8586.36,2026-01-02,RECONCILED
82,2026-01-15,FoodHub,Razorpay,UPI,12349.52,SUCCESS,,89.85,12259.67,2026-01-17,RECONCILED
83,2026-02-01,MediPlus,Cashfree,Wallet,1864.93,SUCCESS,,21.93,1843.0,2026-02-02,RECONCILED
84,2026-02-24,QuickMart,Razorpay,Card,4650.17,SUCCESS,,66.88,4583.29,2026-02-25,RECONCILED
85,2026-01-31,FoodHub,Razorpay,Wallet,2689.82,SUCCESS,,31.63,2658.19,2026-02-02,RECONCILED
86,2026-01-30,MediPlus,Stripe,UPI,4392.76,SUCCESS,,67.26,4325.5,2026-01-31,RECONCILED
87,2026-03-26,FoodHub,Razorpay,Card,12078.19,SUCCESS,,177.72,11900.47,2026-03-27,RECONCILED
88,2026-01-08,TravelNow,PayU,Wallet,2572.25,SUCCESS,,17.66,2554.59,2026-01-10,RECONCILED
89,2026-02-04,StyleKart,Razorpay,UPI,7557.04,SUCCESS,,138.61,7418.43,2026-02-06,RECONCILED
90,2026-01-04,TravelNow,Razorpay,NetBanking,1460.77,PENDING,Bank timeout,19.93,0,,NOT_APPLICABLE
91,2026-03-08,FoodHub,Cashfree,Wallet,9807.49,FAILED,Technical error,142.42,0,,NOT_APPLICABLE
92,2026-03-02,TravelNow,Razorpay,Card,5284.62,SUCCESS,,52.57,5232.05,2026-03-04,RECONCILED
93,2026-03-12,FoodHub,PayU,NetBanking,646.79,SUCCESS,,4.36,642.43,2026-03-13,RECONCILED
94,2026-03-26,TravelNow,Razorpay,Card,13053.58,SUCCESS,,166.78,12886.8,2026-03-28,RECONCILED
95,2026-01-07,MediPlus,PayU,Wallet,3133.02,SUCCESS,,57.06,3075.96,2026-01-08,RECONCILED
96,2026-01-31,FoodHub,Razorpay,Wallet,10675.76,SUCCESS,,68.3,10607.46,2026-01-31,RECONCILED
97,2026-03-24,QuickMart,PayU,NetBanking,12498.93,SUCCESS,,140.39,12358.54,2026-03-25,RECONCILED
98,2026-02-28,MediPlus,Cashfree,UPI,8313.85,SUCCESS,,76.02,8237.83,2026-03-01,RECONCILED
99,2026-02-04,StyleKart,PayU,Wallet,12326.19,SUCCESS,,221.61,12104.58,2026-02-05,RECONCILED
100,2026-02-12,TravelNow,Stripe,NetBanking,8323.57,SUCCESS,,150.19,8173.38,2026-02-14,RECONCILED
101,2026-01-30,QuickMart,PayU,Wallet,12854.59,SUCCESS,,200.25,12654.34,2026-01-31,RECONCILED
102,2026-03-05,TravelNow,PayU,UPI,14475.88,SUCCESS,,262.2,14213.68,2026-03-06,RECONCILED
103,2026-01-02,TravelNow,Cashfree,UPI,10864.41,SUCCESS,,130.83,10733.58,2026-01-03,RECONCILED
104,2026-03-25,FoodHub,Stripe,NetBanking,1296.7,SUCCESS,,18.68,1278.02,2026-03-26,RECONCILED
105,2026-03-21,FoodHub,PayU,Card,1119.47,SUCCESS,,18.14,1101.33,2026-03-22,RECONCILED
106,2026-02-26,StyleKart,Razorpay,UPI,2578.84,SUCCESS,,25.44,2553.4,2026-02-26,RECONCILED
107,2026-02-25,MediPlus,Cashfree,Card,2268.99,SUCCESS,,17.3,2251.69,2026-02-27,RECONCILED
108,2026-03-29,TravelNow,Cashfree,Card,3688.36,FAILED,Invalid credentials,43.96,0,,NOT_APPLICABLE
109,2026-02-02,FoodHub,Stripe,NetBanking,10035.93,FAILED,Bank timeout,152.19,0,,NOT_APPLICABLE
110,2026-02-26,StyleKart,PayU,Wallet,14184.01,PENDING,Technical error,217.79,0,,NOT_APPLICABLE
111,2026-01-26,MediPlus,Razorpay,Card,14990.67,FAILED,Invalid credentials,160.71,0,,NOT_APPLICABLE
112,2026-02-07,FoodHub,Stripe,NetBanking,14891.11,SUCCESS,,76.26,14814.85,2026-02-09,RECONCILED
113,2026-03-19,QuickMart,PayU,Card,11203.07,FAILED,Invalid credentials,158.03,0,,NOT_APPLICABLE
114,2026-03-23,TravelNow,Cashfree,UPI,2932.97,SUCCESS,,54.41,2878.56,2026-03-25,RECONCILED
115,2026-01-05,QuickMart,Razorpay,NetBanking,8735.65,SUCCESS,,86.49,8649.16,2026-01-06,RECONCILED
116,2026-03-11,StyleKart,PayU,Card,13159.26,SUCCESS,,116.52,13042.74,2026-03-12,RECONCILED
117,2026-02-13,TravelNow,Razorpay,Card,12083.06,SUCCESS,,197.1,11885.96,2026-02-13,RECONCILED
118,2026-03-13,StyleKart,Razorpay,NetBanking,5550.05,SUCCESS,,72.42,5477.63,2026-03-14,RECONCILED
119,2026-03-16,MediPlus,PayU,UPI,5777.28,SUCCESS,,87.37,5689.91,2026-03-17,UNRECONCILED
120,2026-02-11,FoodHub,Razorpay,Wallet,13737.31,SUCCESS,,256.07,13481.24,2026-02-12,RECONCILED
121,2026-01-18,TravelNow,Stripe,UPI,775.67,SUCCESS,,5.01,770.66,2026-01-20,RECONCILED
122,2026-02-17,TravelNow,Stripe,Card,10090.24,SUCCESS,,184.46,9905.78,2026-02-19,RECONCILED
123,2026-03-20,QuickMart,Razorpay,NetBanking,6180.93,PENDING,Technical error,51.05,0,,NOT_APPLICABLE
124,2026-02-16,TravelNow,PayU,UPI,1580.38,SUCCESS,,17.34,1563.04,2026-02-16,RECONCILED
125,2026-01-12,MediPlus,Razorpay,UPI,9975.25,SUCCESS,,167.6,9807.65,2026-01-12,RECONCILED
126,2026-01-27,QuickMart,Cashfree,Card,1122.29,SUCCESS,,19.3,1102.99,2026-01-27,RECONCILED
127,2026-03-18,FoodHub,Cashfree,Card,142.25,FAILED,Bank timeout,1.86,0,,NOT_APPLICABLE
128,2026-03-26,FoodHub,PayU,Card,13010.07,SUCCESS,,179.97,12830.1,2026-03-26,RECONCILED
129,2026-01-17,FoodHub,Razorpay,Wallet,11151.6,SUCCESS,,130.74,11020.86,2026-01-18,RECONCILED
130,2026-02-27,FoodHub,Razorpay,NetBanking,7607.2,FAILED,Insufficient funds,90.3,0,,NOT_APPLICABLE
131,2026-03-03,FoodHub,Razorpay,Wallet,12724.75,SUCCESS,,199.6,12525.15,2026-03-04,RECONCILED
132,2026-02-11,TravelNow,PayU,NetBanking,9163.63,SUCCESS,,98.18,9065.45,2026-02-13,RECONCILED
133,2026-03-06,TravelNow,Razorpay,Card,9120.86,SUCCESS,,104.44,9016.42,2026-03-06,RECONCILED
134,2026-02-21,TravelNow,Stripe,NetBanking,6298.25,SUCCESS,,94.33,6203.92,2026-02-22,RECONCILED
135,2026-01-09,MediPlus,Stripe,UPI,1459.25,SUCCESS,,23.59,1435.66,2026-01-10,RECONCILED
136,2026-01-08,TravelNow,PayU,UPI,8838.33,SUCCESS,,98.65,8739.68,2026-01-10,RECONCILED
137,2026-01-07,TravelNow,PayU,UPI,14529.14,SUCCESS,,198.6,14330.54,2026-01-07,RECONCILED
138,2026-01-29,TravelNow,PayU,UPI,12724.4,SUCCESS,,209.18,12515.22,2026-01-31,RECONCILED
139,2026-03-13,StyleKart,Razorpay,NetBanking,14620.74,SUCCESS,,79.45,14541.29,2026-03-14,RECONCILED
140,2026-02-13,FoodHub,Cashfree,Wallet,5330.25,SUCCESS,,32.21,5298.04,2026-02-15,RECONCILED
141,2026-01-12,StyleKart,Stripe,Wallet,11217.07,SUCCESS,,113.44,11103.63,2026-01-13,RECONCILED
142,2026-03-14,FoodHub,Cashfree,Card,8983.73,FAILED,Insufficient funds,146.58,0,,NOT_APPLICABLE
143,2026-02-04,TravelNow,Stripe,Wallet,6702.38,SUCCESS,,60.97,6641.41,2026-02-06,RECONCILED
144,2026-01-15,FoodHub,Stripe,NetBanking,4320.37,SUCCESS,,24.55,4295.82,2026-01-16,RECONCILED
145,2026-01-01,FoodHub,Cashfree,NetBanking,3145.9,FAILED,Insufficient funds,29.39,0,,NOT_APPLICABLE
146,2026-03-05,FoodHub,Stripe,Card,11230.51,SUCCESS,,140.43,11090.08,2026-03-07,RECONCILED
147,2026-02-20,MediPlus,Razorpay,Wallet,12940.29,SUCCESS,,243.5,12696.79,2026-02-21,RECONCILED
148,2026-02-21,MediPlus,Razorpay,Wallet,10671.53,SUCCESS,,56.7,10614.83,2026-02-22,RECONCILED
149,2026-02-28,TravelNow,Razorpay,Wallet,12497.19,FAILED,Bank timeout,220.79,0,,NOT_APPLICABLE
150,2026-03-17,FoodHub,PayU,NetBanking,6066.7,SUCCESS,,50.5,6016.2,2026-03-17,RECONCILED
151,2026-03-09,QuickMart,PayU,NetBanking,7698.29,FAILED,Bank timeout,122.49,0,,NOT_APPLICABLE
152,2026-01-14,MediPlus,Cashfree,UPI,2282.02,SUCCESS,,17.47,2264.55,2026-01-16,RECONCILED
153,2026-03-16,TravelNow,PayU,NetBanking,6788.69,FAILED,Insufficient funds,49.32,0,,NOT_APPLICABLE
154,2026-02-26,FoodHub,Razorpay,NetBanking,9507.64,SUCCESS,,119.89,9387.75,2026-02-27,RECONCILED
155,2026-01-08,FoodHub,Razorpay,Wallet,5594.19,SUCCESS,,66.8,5527.39,2026-01-10,RECONCILED
156,2026-02-27,FoodHub,Cashfree,NetBanking,13644.84,SUCCESS,,192.05,13452.79,2026-03-01,RECONCILED
157,2026-02-27,FoodHub,PayU,UPI,1642.18,FAILED,Bank timeout,20.64,0,,NOT_APPLICABLE
158,2026-02-01,TravelNow,Cashfree,NetBanking,10643.56,PENDING,Invalid credentials,112.74,0,,NOT_APPLICABLE
159,2026-02-22,TravelNow,Razorpay,NetBanking,11639.53,SUCCESS,,69.71,11569.82,2026-02-22,RECONCILED
160,2026-02-06,StyleKart,Cashfree,NetBanking,3854.74,FAILED,Bank timeout,23.99,0,,NOT_APPLICABLE
161,2026-02-09,TravelNow,Stripe,Card,14518.68,SUCCESS,,202.18,14316.5,2026-02-09,RECONCILED
162,2026-03-24,QuickMart,Razorpay,Wallet,11895.76,SUCCESS,,150.21,11745.55,2026-03-24,RECONCILED
163,2026-01-28,FoodHub,Cashfree,Card,5191.81,SUCCESS,,103.83,5087.98,2026-01-28,RECONCILED
164,2026-03-06,QuickMart,Razorpay,NetBanking,11586.03,FAILED,Limit exceeded,210.24,0,,NOT_APPLICABLE
165,2026-03-18,QuickMart,Cashfree,Wallet,5713.13,SUCCESS,,32.31,5680.82,2026-03-19,RECONCILED
166,2026-02-26,TravelNow,Stripe,Card,9197.87,SUCCESS,,119.67,9078.2,2026-02-27,RECONCILED
167,2026-01-25,MediPlus,Stripe,Wallet,5580.83,FAILED,Technical error,92.32,0,,NOT_APPLICABLE
168,2026-03-09,StyleKart,Cashfree,Card,6338.05,SUCCESS,,114.69,6223.36,2026-03-09,RECONCILED
169,2026-03-12,MediPlus,Razorpay,NetBanking,14020.97,SUCCESS,,87.75,13933.22,2026-03-12,RECONCILED
170,2026-01-19,TravelNow,Cashfree,Wallet,12482.6,SUCCESS,,228.05,12254.55,2026-01-19,RECONCILED
171,2026-03-06,StyleKart,Razorpay,NetBanking,5672.03,SUCCESS,,47.46,5624.57,2026-03-07,RECONCILED
172,2026-01-19,FoodHub,Stripe,Card,2150.23,SUCCESS,,35.23,2115.0,2026-01-20,RECONCILED
173,2026-01-11,FoodHub,Cashfree,Wallet,383.16,SUCCESS,,2.55,380.61,2026-01-12,RECONCILED
174,2026-01-07,FoodHub,Stripe,UPI,3652.75,SUCCESS,,24.34,3628.41,2026-01-08,RECONCILED
175,2026-03-22,MediPlus,Cashfree,NetBanking,7779.1,SUCCESS,,88.98,7690.12,2026-03-24,RECONCILED
176,2026-02-23,MediPlus,PayU,UPI,2890.98,SUCCESS,,55.8,2835.18,2026-02-25,RECONCILED
177,2026-03-12,FoodHub,Razorpay,Wallet,402.98,FAILED,Invalid credentials,7.94,0,,NOT_APPLICABLE
178,2026-02-15,QuickMart,Razorpay,NetBanking,11848.95,SUCCESS,,82.96,11765.99,2026-02-16,RECONCILED
179,2026-03-29,QuickMart,Cashfree,Card,7022.88,SUCCESS,,41.76,6981.12,2026-03-30,RECONCILED
180,2026-01-06,TravelNow,PayU,NetBanking,11887.53,FAILED,Limit exceeded,151.34,0,,NOT_APPLICABLE
181,2026-02-02,StyleKart,PayU,NetBanking,645.65,SUCCESS,,11.58,634.07,2026-02-02,RECONCILED
182,2026-02-04,QuickMart,Stripe,Wallet,1954.68,SUCCESS,,36.0,1918.68,2026-02-05,RECONCILED
183,2026-03-05,QuickMart,PayU,UPI,10411.82,SUCCESS,,165.61,10246.21,2026-03-05,RECONCILED
184,2026-03-11,QuickMart,PayU,NetBanking,4477.12,SUCCESS,,42.97,4434.15,2026-03-13,RECONCILED
185,2026-03-30,TravelNow,PayU,Wallet,6714.23,SUCCESS,,61.22,6653.01,2026-03-30,RECONCILED
186,2026-02-16,TravelNow,Cashfree,UPI,7744.98,SUCCESS,,55.31,7689.67,2026-02-18,RECONCILED
187,2026-01-05,QuickMart,PayU,NetBanking,1980.83,SUCCESS,,21.28,1959.55,2026-01-07,UNRECONCILED
188,2026-03-28,StyleKart,Stripe,UPI,6803.85,SUCCESS,,92.59,6711.26,2026-03-30,RECONCILED
189,2026-03-25,MediPlus,Razorpay,Card,4252.48,PENDING,Technical error,53.1,0,,NOT_APPLICABLE
190,2026-01-16,TravelNow,Stripe,Card,4000.47,SUCCESS,,79.79,3920.68,2026-01-17,RECONCILED
191,2026-01-26,FoodHub,Stripe,Card,1927.3,FAILED,Technical error,35.62,0,,NOT_APPLICABLE
192,2026-03-29,StyleKart,PayU,UPI,14516.66,PENDING,Invalid credentials,192.35,0,,NOT_APPLICABLE
193,2026-01-21,QuickMart,Cashfree,NetBanking,10705.96,FAILED,Insufficient funds,135.23,0,,NOT_APPLICABLE
194,2026-01-18,FoodHub,PayU,NetBanking,3627.37,SUCCESS,,43.57,3583.8,2026-01-20,RECONCILED
195,2026-01-09,FoodHub,Stripe,Wallet,4708.43,PENDING,Limit exceeded,77.87,0,,NOT_APPLICABLE
196,2026-01-17,MediPlus,Stripe,Wallet,14588.46,SUCCESS,,221.77,14366.69,2026-01-18,RECONCILED
197,2026-03-23,MediPlus,Cashfree,Wallet,8858.01,SUCCESS,,111.11,8746.9,2026-03-23,RECONCILED
198,2026-01-20,FoodHub,Cashfree,NetBanking,4631.46,SUCCESS,,88.98,4542.48,2026-01-22,RECONCILED
199,2026-02-02,MediPlus,PayU,Card,3024.9,PENDING,Limit exceeded,43.48,0,,NOT_APPLICABLE
200,2026-01-12,StyleKart,Cashfree,Card,7588.34,SUCCESS,,112.92,7475.42,2026-01-14,RECONCILED
201,2026-03-14,StyleKart,Razorpay,UPI,713.8,FAILED,Limit exceeded,13.73,0,,NOT_APPLICABLE
202,2026-03-25,StyleKart,Razorpay,Wallet,3241.04,SUCCESS,,59.42,3181.62,2026-03-27,RECONCILED
203,2026-03-03,TravelNow,Stripe,NetBanking,3748.68,SUCCESS,,44.25,3704.43,2026-03-05,RECONCILED
204,2026-02-23,StyleKart,Cashfree,NetBanking,7315.34,SUCCESS,,131.11,7184.23,2026-02-24,RECONCILED
205,2026-02-21,QuickMart,Razorpay,NetBanking,2048.42,SUCCESS,,17.67,2030.75,2026-02-21,RECONCILED
206,2026-01-19,MediPlus,Stripe,Wallet,1542.49,SUCCESS,,13.46,1529.03,2026-01-19,RECONCILED
207,2026-02-10,TravelNow,Stripe,Wallet,2928.53,SUCCESS,,53.26,2875.27,2026-02-11,UNRECONCILED
208,2026-03-06,TravelNow,PayU,UPI,6912.74,SUCCESS,,39.8,6872.94,2026-03-07,RECONCILED
209,2026-02-06,TravelNow,Stripe,Card,8096.69,FAILED,Invalid credentials,147.66,0,,NOT_APPLICABLE
210,2026-02-16,TravelNow,Cashfree,NetBanking,774.11,SUCCESS,,10.29,763.82,2026-02-16,RECONCILED
211,2026-03-12,StyleKart,Razorpay,Card,4267.84,PENDING,Technical error,83.76,0,,NOT_APPLICABLE
212,2026-02-13,FoodHub,Cashfree,Card,8411.69,SUCCESS,,118.07,8293.62,2026-02-14,RECONCILED
213,2026-01-05,MediPlus,Stripe,Wallet,2141.84,SUCCESS,,15.49,2126.35,2026-01-07,RECONCILED
214,2026-02-10,MediPlus,PayU,NetBanking,2521.28,PENDING,Limit exceeded,31.79,0,,NOT_APPLICABLE
215,2026-03-04,MediPlus,Razorpay,NetBanking,10660.22,SUCCESS,,106.27,10553.95,2026-03-04,RECONCILED
216,2026-02-09,MediPlus,Razorpay,Wallet,11971.65,SUCCESS,,107.54,11864.11,2026-02-11,RECONCILED
217,2026-03-15,TravelNow,Stripe,Card,3490.39,SUCCESS,,44.9,3445.49,2026-03-17,RECONCILED
218,2026-01-19,TravelNow,Razorpay,Card,12342.75,SUCCESS,,65.22,12277.53,2026-01-20,RECONCILED
219,2026-03-30,StyleKart,Stripe,UPI,3137.99,SUCCESS,,48.91,3089.08,2026-04-01,RECONCILED
220,2026-03-26,StyleKart,Cashfree,Wallet,7227.73,SUCCESS,,135.03,7092.7,2026-03-27,RECONCILED
221,2026-03-20,StyleKart,PayU,NetBanking,7314.28,PENDING,Invalid credentials,61.24,0,,NOT_APPLICABLE
222,2026-01-27,FoodHub,Stripe,NetBanking,10384.57,SUCCESS,,139.23,10245.34,2026-01-29,RECONCILED
223,2026-03-15,StyleKart,Stripe,NetBanking,10181.67,SUCCESS,,196.7,9984.97,2026-03-15,RECONCILED
224,2026-01-11,MediPlus,PayU,Wallet,5260.82,SUCCESS,,43.19,5217.63,2026-01-13,RECONCILED
225,2026-03-31,QuickMart,Cashfree,Card,4147.16,SUCCESS,,23.89,4123.27,2026-04-02,RECONCILED
226,2026-01-07,MediPlus,Stripe,UPI,1592.95,SUCCESS,,24.24,1568.71,2026-01-07,UNRECONCILED
227,2026-01-21,StyleKart,Stripe,Wallet,6162.92,FAILED,Invalid credentials,90.95,0,,NOT_APPLICABLE
228,2026-02-06,QuickMart,Razorpay,Card,9723.88,FAILED,Insufficient funds,126.68,0,,NOT_APPLICABLE
229,2026-02-23,StyleKart,Razorpay,Wallet,13245.45,SUCCESS,,222.78,13022.67,2026-02-23,RECONCILED
230,2026-01-05,TravelNow,Razorpay,NetBanking,238.08,SUCCESS,,2.21,235.87,2026-01-07,RECONCILED
231,2026-01-18,StyleKart,Cashfree,UPI,12780.79,SUCCESS,,127.3,12653.49,2026-01-20,RECONCILED
232,2026-01-24,TravelNow,PayU,Card,309.85,SUCCESS,,2.36,307.49,2026-01-26,RECONCILED
233,2026-03-07,QuickMart,Razorpay,Card,4986.11,SUCCESS,,98.35,4887.76,2026-03-08,RECONCILED
234,2026-01-01,StyleKart,PayU,NetBanking,3985.7,SUCCESS,,37.98,3947.72,2026-01-03,RECONCILED
235,2026-03-25,StyleKart,Razorpay,Wallet,5457.33,SUCCESS,,52.4,5404.93,2026-03-26,RECONCILED
236,2026-03-30,QuickMart,PayU,NetBanking,1849.49,FAILED,Bank timeout,26.3,0,,NOT_APPLICABLE
237,2026-03-03,QuickMart,PayU,Wallet,2382.46,SUCCESS,,37.0,2345.46,2026-03-04,RECONCILED
238,2026-02-01,MediPlus,Razorpay,Wallet,10237.09,SUCCESS,,132.29,10104.8,2026-02-02,RECONCILED
239,2026-01-15,QuickMart,Cashfree,Card,1020.19,SUCCESS,,7.62,1012.57,2026-01-17,RECONCILED
240,2026-03-16,TravelNow,Stripe,UPI,7383.54,FAILED,Limit exceeded,87.14,0,,NOT_APPLICABLE
241,2026-02-28,MediPlus,PayU,UPI,8502.28,SUCCESS,,93.01,8409.27,2026-02-28,RECONCILED
242,2026-01-10,TravelNow,Razorpay,UPI,774.82,SUCCESS,,14.74,760.08,2026-01-10,RECONCILED
243,2026-01-05,TravelNow,Cashfree,Wallet,4377.65,SUCCESS,,46.48,4331.17,2026-01-06,RECONCILED
244,2026-02-18,TravelNow,Cashfree,NetBanking,1295.72,PENDING,Limit exceeded,8.78,0,,NOT_APPLICABLE
245,2026-03-09,MediPlus,Razorpay,UPI,1997.47,PENDING,Technical error,39.3,0,,NOT_APPLICABLE
246,2026-02-24,QuickMart,Cashfree,Wallet,8025.81,FAILED,Invalid credentials,81.8,0,,NOT_APPLICABLE
247,2026-01-15,TravelNow,Razorpay,Card,580.04,SUCCESS,,4.69,575.35,2026-01-15,RECONCILED
248,2026-03-18,MediPlus,Cashfree,UPI,10113.15,FAILED,Bank timeout,111.59,0,,NOT_APPLICABLE
249,2026-01-28,MediPlus,Cashfree,NetBanking,11340.35,SUCCESS,,96.53,11243.82,2026-01-30,RECONCILED
250,2026-03-18,TravelNow,Cashfree,NetBanking,11610.82,SUCCESS,,210.67,11400.15,2026-03-20,RECONCILED
251,2026-02-08,TravelNow,Cashfree,Wallet,4199.79,SUCCESS,,56.02,4143.77,2026-02-08,RECONCILED
252,2026-03-09,QuickMart,Cashfree,NetBanking,4849.14,SUCCESS,,51.63,4797.51,2026-03-11,RECONCILED
253,2026-02-08,QuickMart,Stripe,UPI,12877.36,SUCCESS,,173.02,12704.34,2026-02-09,RECONCILED
254,2026-02-19,QuickMart,Razorpay,Wallet,3718.59,SUCCESS,,65.85,3652.74,2026-02-19,RECONCILED
255,2026-01-07,MediPlus,Razorpay,UPI,4100.08,SUCCESS,,32.07,4068.01,2026-01-09,RECONCILED
256,2026-01-28,QuickMart,PayU,NetBanking,7242.97,FAILED,Insufficient funds,140.19,0,,NOT_APPLICABLE
257,2026-01-25,QuickMart,Stripe,Card,14434.96,SUCCESS,,222.79,14212.17,2026-01-27,RECONCILED
258,2026-03-12,TravelNow,Stripe,NetBanking,4892.06,SUCCESS,,47.09,4844.97,2026-03-13,RECONCILED
259,2026-03-01,StyleKart,Stripe,NetBanking,1569.26,PENDING,Invalid credentials,29.37,0,,NOT_APPLICABLE
260,2026-02-22,MediPlus,Cashfree,UPI,781.16,FAILED,Limit exceeded,6.96,0,,NOT_APPLICABLE
261,2026-02-23,StyleKart,Cashfree,Wallet,4498.37,SUCCESS,,60.94,4437.43,2026-02-23,RECONCILED
262,2026-02-02,MediPlus,Stripe,Wallet,11474.07,SUCCESS,,86.33,11387.74,2026-02-03,RECONCILED
263,2026-03-04,FoodHub,Razorpay,UPI,2842.31,FAILED,Insufficient funds,49.98,0,,NOT_APPLICABLE
264,2026-01-01,QuickMart,Cashfree,UPI,6244.64,FAILED,Insufficient funds,97.46,0,,NOT_APPLICABLE
265,2026-03-06,FoodHub,Stripe,Wallet,6894.54,SUCCESS,,36.1,6858.44,2026-03-08,RECONCILED
266,2026-01-03,QuickMart,PayU,UPI,7988.32,SUCCESS,,100.12,7888.2,2026-01-05,RECONCILED
267,2026-01-14,StyleKart,Cashfree,Card,13778.93,SUCCESS,,196.99,13581.94,2026-01-15,RECONCILED
268,2026-02-20,StyleKart,Stripe,Card,1277.39,PENDING,Bank timeout,25.36,0,,NOT_APPLICABLE
269,2026-03-29,FoodHub,Razorpay,UPI,12438.12,SUCCESS,,137.8,12300.32,2026-03-30,RECONCILED
270,2026-03-23,FoodHub,Stripe,Wallet,240.81,SUCCESS,,3.53,237.28,2026-03-24,RECONCILED
271,2026-03-09,StyleKart,Stripe,NetBanking,13795.37,SUCCESS,,78.61,13716.76,2026-03-09,RECONCILED
272,2026-03-11,TravelNow,PayU,UPI,8496.3,SUCCESS,,165.02,8331.28,2026-03-13,RECONCILED
273,2026-01-10,FoodHub,Stripe,NetBanking,4559.23,SUCCESS,,49.05,4510.18,2026-01-12,RECONCILED
274,2026-03-06,MediPlus,Razorpay,Wallet,11207.3,SUCCESS,,95.06,11112.24,2026-03-06,RECONCILED
275,2026-03-18,StyleKart,Razorpay,NetBanking,6010.88,SUCCESS,,100.7,5910.18,2026-03-19,RECONCILED
276,2026-03-12,FoodHub,Stripe,UPI,14123.03,SUCCESS,,234.2,13888.83,2026-03-13,RECONCILED
277,2026-01-11,StyleKart,Cashfree,Wallet,4092.78,SUCCESS,,39.91,4052.87,2026-01-11,RECONCILED
278,2026-02-26,MediPlus,Cashfree,UPI,5462.77,SUCCESS,,42.67,5420.1,2026-02-27,RECONCILED
279,2026-02-22,TravelNow,Razorpay,NetBanking,1639.06,SUCCESS,,29.43,1609.63,2026-02-22,RECONCILED
280,2026-01-11,StyleKart,Cashfree,Card,10900.17,SUCCESS,,166.55,10733.62,2026-01-11,RECONCILED
281,2026-02-04,StyleKart,Stripe,NetBanking,7447.55,SUCCESS,,84.28,7363.27,2026-02-05,RECONCILED
282,2026-02-02,TravelNow,Stripe,Card,14168.91,SUCCESS,,168.16,14000.75,2026-02-02,RECONCILED
283,2026-02-12,QuickMart,PayU,Wallet,12640.04,SUCCESS,,126.67,12513.37,2026-02-14,RECONCILED
284,2026-02-08,StyleKart,Cashfree,Wallet,4877.91,FAILED,Technical error,47.38,0,,NOT_APPLICABLE
285,2026-02-07,MediPlus,Cashfree,NetBanking,11049.63,SUCCESS,,117.58,10932.05,2026-02-08,RECONCILED
286,2026-01-26,StyleKart,Razorpay,Wallet,8924.18,SUCCESS,,170.85,8753.33,2026-01-26,RECONCILED
287,2026-03-30,QuickMart,Stripe,Wallet,1130.46,FAILED,Invalid credentials,8.01,0,,NOT_APPLICABLE
288,2026-02-02,TravelNow,Stripe,UPI,9914.08,SUCCESS,,116.35,9797.73,2026-02-04,RECONCILED
289,2026-03-10,MediPlus,Stripe,UPI,7648.53,FAILED,Invalid credentials,128.96,0,,NOT_APPLICABLE
290,2026-03-18,TravelNow,Cashfree,NetBanking,9608.89,SUCCESS,,72.02,9536.87,2026-03-20,RECONCILED
291,2026-02-12,MediPlus,Razorpay,UPI,14489.18,SUCCESS,,128.68,14360.5,2026-02-14,RECONCILED
292,2026-03-16,MediPlus,PayU,Wallet,10346.2,SUCCESS,,123.6,10222.6,2026-03-18,RECONCILED
293,2026-01-20,QuickMart,Razorpay,NetBanking,5240.01,SUCCESS,,58.9,5181.11,2026-01-20,RECONCILED
294,2026-02-14,TravelNow,Cashfree,Wallet,4747.17,SUCCESS,,48.54,4698.63,2026-02-14,RECONCILED
295,2026-02-10,QuickMart,Razorpay,UPI,1100.9,SUCCESS,,19.53,1081.37,2026-02-12,RECONCILED
296,2026-02-01,QuickMart,PayU,Wallet,7788.31,SUCCESS,,150.91,7637.4,2026-02-01,RECONCILED
297,2026-01-24,QuickMart,Razorpay,Card,9643.14,SUCCESS,,113.25,9529.89,2026-01-25,RECONCILED
298,2026-01-27,StyleKart,Razorpay,UPI,4247.34,SUCCESS,,72.17,4175.17,2026-01-29,RECONCILED
299,2026-01-26,FoodHub,Stripe,NetBanking,6917.5,SUCCESS,,96.53,6820.97,2026-01-28,RECONCILED
300,2026-02-14,QuickMart,Cashfree,NetBanking,5344.58,SUCCESS,,100.37,5244.21,2026-02-16,RECONCILED
301,2026-02-10,MediPlus,Cashfree,NetBanking,1856.14,SUCCESS,,28.59,1827.55,2026-02-12,RECONCILED
302,2026-01-18,QuickMart,Stripe,Card,8664.61,SUCCESS,,115.44,8549.17,2026-01-19,RECONCILED
303,2026-02-10,MediPlus,PayU,UPI,12645.58,SUCCESS,,155.15,12490.43,2026-02-10,RECONCILED
304,2026-03-06,FoodHub,Stripe,Wallet,9830.74,SUCCESS,,153.87,9676.87,2026-03-07,RECONCILED
305,2026-03-14,TravelNow,PayU,UPI,559.82,SUCCESS,,5.11,554.71,2026-03-16,RECONCILED
306,2026-03-14,StyleKart,Razorpay,UPI,11163.52,SUCCESS,,100.68,11062.84,2026-03-16,RECONCILED
307,2026-03-11,QuickMart,Stripe,Card,12356.9,SUCCESS,,245.24,12111.66,2026-03-11,RECONCILED
308,2026-02-08,FoodHub,PayU,NetBanking,13134.67,SUCCESS,,235.54,12899.13,2026-02-08,RECONCILED
309,2026-01-31,QuickMart,PayU,Wallet,3227.18,SUCCESS,,24.17,3203.01,2026-01-31,RECONCILED
310,2026-01-08,StyleKart,Cashfree,NetBanking,8594.11,SUCCESS,,169.18,8424.93,2026-01-09,RECONCILED
311,2026-03-07,StyleKart,Razorpay,Card,14783.78,SUCCESS,,287.42,14496.36,2026-03-08,RECONCILED
312,2026-03-25,TravelNow,Cashfree,Card,1990.63,FAILED,Bank timeout,31.2,0,,NOT_APPLICABLE
313,2026-03-04,FoodHub,Stripe,Wallet,2218.36,SUCCESS,,26.13,2192.23,2026-03-06,RECONCILED
314,2026-02-21,FoodHub,PayU,Wallet,7782.64,SUCCESS,,149.85,7632.79,2026-02-22,RECONCILED
315,2026-02-28,TravelNow,Razorpay,Wallet,9559.12,SUCCESS,,79.03,9480.09,2026-03-01,RECONCILED
316,2026-02-04,FoodHub,Cashfree,Wallet,4910.69,SUCCESS,,82.62,4828.07,2026-02-06,RECONCILED
317,2026-01-13,TravelNow,Razorpay,UPI,9430.07,FAILED,Bank timeout,178.62,0,,NOT_APPLICABLE
318,2026-02-28,QuickMart,Cashfree,Card,110.07,PENDING,Invalid credentials,2.01,0,,NOT_APPLICABLE
319,2026-02-05,TravelNow,Razorpay,NetBanking,1490.77,SUCCESS,,22.31,1468.46,2026-02-07,RECONCILED
320,2026-03-22,QuickMart,Cashfree,Wallet,4652.09,SUCCESS,,69.0,4583.09,2026-03-24,RECONCILED
321,2026-03-03,TravelNow,Stripe,UPI,1261.29,SUCCESS,,6.46,1254.83,2026-03-04,RECONCILED
322,2026-03-30,StyleKart,Stripe,UPI,2069.41,SUCCESS,,33.03,2036.38,2026-03-30,RECONCILED
323,2026-02-08,QuickMart,Cashfree,Card,2143.23,SUCCESS,,12.92,2130.31,2026-02-10,UNRECONCILED
324,2026-02-26,FoodHub,Cashfree,Wallet,5332.7,SUCCESS,,75.94,5256.76,2026-02-27,RECONCILED
325,2026-01-13,QuickMart,Stripe,NetBanking,2186.2,SUCCESS,,42.52,2143.68,2026-01-14,RECONCILED
326,2026-02-05,QuickMart,PayU,UPI,9704.85,SUCCESS,,171.95,9532.9,2026-02-07,RECONCILED
327,2026-03-08,FoodHub,Stripe,NetBanking,9143.21,SUCCESS,,134.34,9008.87,2026-03-08,RECONCILED
328,2026-01-31,MediPlus,Razorpay,NetBanking,7543.78,SUCCESS,,143.4,7400.38,2026-01-31,RECONCILED
329,2026-02-23,QuickMart,Stripe,UPI,5544.65,SUCCESS,,29.11,5515.54,2026-02-23,UNRECONCILED
330,2026-01-06,TravelNow,Stripe,NetBanking,13846.43,FAILED,Limit exceeded,199.78,0,,NOT_APPLICABLE
331,2026-02-24,QuickMart,Cashfree,NetBanking,10556.98,SUCCESS,,66.02,10490.96,2026-02-24,RECONCILED
332,2026-01-20,QuickMart,Razorpay,NetBanking,8092.21,SUCCESS,,125.27,7966.94,2026-01-22,RECONCILED
333,2026-01-08,StyleKart,Razorpay,Wallet,3742.75,FAILED,Insufficient funds,53.09,0,,NOT_APPLICABLE
334,2026-03-27,TravelNow,Razorpay,UPI,11151.23,SUCCESS,,174.17,10977.06,2026-03-29,UNRECONCILED
335,2026-02-14,StyleKart,PayU,Card,7892.78,SUCCESS,,83.49,7809.29,2026-02-16,RECONCILED
336,2026-01-16,MediPlus,Stripe,NetBanking,11594.31,SUCCESS,,149.08,11445.23,2026-01-17,RECONCILED
337,2026-03-22,QuickMart,PayU,UPI,1248.34,SUCCESS,,15.6,1232.74,2026-03-24,RECONCILED
338,2026-02-02,FoodHub,Razorpay,Card,11622.6,FAILED,Insufficient funds,187.26,0,,NOT_APPLICABLE
339,2026-01-02,TravelNow,Stripe,Card,3743.82,SUCCESS,,28.77,3715.05,2026-01-02,RECONCILED
340,2026-01-29,MediPlus,PayU,NetBanking,4894.85,SUCCESS,,85.12,4809.73,2026-01-31,RECONCILED
341,2026-03-28,StyleKart,Razorpay,Wallet,13538.92,SUCCESS,,81.69,13457.23,2026-03-29,RECONCILED
342,2026-02-11,QuickMart,PayU,Card,1387.14,SUCCESS,,13.0,1374.14,2026-02-12,RECONCILED
343,2026-03-01,FoodHub,Cashfree,Card,5587.28,PENDING,Technical error,40.56,0,,NOT_APPLICABLE
344,2026-01-30,StyleKart,Razorpay,NetBanking,8169.02,SUCCESS,,41.02,8128.0,2026-02-01,RECONCILED
345,2026-01-14,StyleKart,Stripe,Wallet,3157.4,PENDING,Bank timeout,61.31,0,,NOT_APPLICABLE
346,2026-01-12,FoodHub,Stripe,NetBanking,754.11,SUCCESS,,8.96,745.15,2026-01-14,RECONCILED
347,2026-03-06,StyleKart,Razorpay,UPI,2089.36,SUCCESS,,24.08,2065.28,2026-03-06,RECONCILED
348,2026-02-10,QuickMart,PayU,NetBanking,13898.03,SUCCESS,,163.88,13734.15,2026-02-10,RECONCILED
349,2026-01-18,FoodHub,Cashfree,UPI,11721.06,SUCCESS,,87.51,11633.55,2026-01-19,RECONCILED
350,2026-03-10,StyleKart,Stripe,NetBanking,5438.48,SUCCESS,,64.99,5373.49,2026-03-10,RECONCILED
351,2026-03-31,TravelNow,PayU,Card,9089.21,SUCCESS,,57.88,9031.33,2026-03-31,RECONCILED
352,2026-03-07,MediPlus,Cashfree,UPI,829.36,SUCCESS,,15.99,813.37,2026-03-08,RECONCILED
353,2026-02-01,TravelNow,Cashfree,UPI,1511.41,SUCCESS,,7.83,1503.58,2026-02-01,RECONCILED
354,2026-02-17,FoodHub,Razorpay,NetBanking,10325.65,FAILED,Insufficient funds,193.72,0,,NOT_APPLICABLE
355,2026-01-09,TravelNow,Cashfree,UPI,3046.48,SUCCESS,,56.59,2989.89,2026-01-10,RECONCILED
356,2026-01-07,StyleKart,Stripe,Wallet,2603.04,SUCCESS,,14.17,2588.87,2026-01-09,RECONCILED
357,2026-01-28,StyleKart,Stripe,Card,13633.73,SUCCESS,,75.25,13558.48,2026-01-30,RECONCILED
358,2026-03-05,MediPlus,Razorpay,UPI,6238.68,SUCCESS,,57.37,6181.31,2026-03-05,RECONCILED
359,2026-02-01,TravelNow,Razorpay,Wallet,9498.24,SUCCESS,,158.89,9339.35,2026-02-02,RECONCILED
360,2026-02-14,FoodHub,Stripe,NetBanking,13698.89,SUCCESS,,105.44,13593.45,2026-02-15,RECONCILED
361,2026-02-05,QuickMart,PayU,Card,973.01,PENDING,Insufficient funds,19.08,0,,NOT_APPLICABLE
362,2026-03-26,QuickMart,Razorpay,Card,3693.18,SUCCESS,,50.36,3642.82,2026-03-27,RECONCILED
363,2026-01-23,MediPlus,PayU,UPI,3624.61,SUCCESS,,56.37,3568.24,2026-01-24,RECONCILED
364,2026-01-19,QuickMart,Stripe,NetBanking,8490.32,SUCCESS,,64.81,8425.51,2026-01-19,RECONCILED
365,2026-03-19,StyleKart,Razorpay,NetBanking,3360.25,SUCCESS,,63.07,3297.18,2026-03-19,RECONCILED
366,2026-01-23,QuickMart,PayU,UPI,13789.83,FAILED,Limit exceeded,73.48,0,,NOT_APPLICABLE
367,2026-01-15,MediPlus,Razorpay,NetBanking,12712.57,FAILED,Technical error,197.91,0,,NOT_APPLICABLE
368,2026-01-13,QuickMart,Cashfree,Wallet,5114.76,SUCCESS,,86.33,5028.43,2026-01-14,RECONCILED
369,2026-03-13,TravelNow,PayU,Card,10434.05,FAILED,Bank timeout,156.33,0,,NOT_APPLICABLE
370,2026-02-09,MediPlus,Cashfree,UPI,11036.53,SUCCESS,,212.25,10824.28,2026-02-11,RECONCILED
371,2026-01-05,FoodHub,Cashfree,UPI,2813.02,SUCCESS,,53.59,2759.43,2026-01-05,RECONCILED
372,2026-01-31,FoodHub,Razorpay,NetBanking,5267.47,SUCCESS,,61.63,5205.84,2026-02-01,RECONCILED
373,2026-02-14,QuickMart,Razorpay,UPI,3924.2,SUCCESS,,42.34,3881.86,2026-02-16,RECONCILED
374,2026-02-22,QuickMart,Stripe,UPI,7446.92,SUCCESS,,129.82,7317.1,2026-02-24,RECONCILED
375,2026-01-21,FoodHub,Razorpay,NetBanking,6824.18,SUCCESS,,36.18,6788.0,2026-01-22,RECONCILED
376,2026-02-13,FoodHub,Razorpay,UPI,2634.57,SUCCESS,,26.53,2608.04,2026-02-15,RECONCILED
377,2026-02-25,QuickMart,Stripe,Card,14142.39,SUCCESS,,82.07,14060.32,2026-02-26,RECONCILED
378,2026-02-22,MediPlus,PayU,NetBanking,10488.23,SUCCESS,,99.23,10389.0,2026-02-22,RECONCILED
379,2026-03-12,MediPlus,PayU,UPI,12613.83,SUCCESS,,143.98,12469.85,2026-03-13,RECONCILED
380,2026-03-03,StyleKart,Cashfree,NetBanking,3075.15,SUCCESS,,60.44,3014.71,2026-03-04,RECONCILED
381,2026-02-20,QuickMart,PayU,UPI,7117.07,FAILED,Technical error,104.11,0,,NOT_APPLICABLE
382,2026-02-17,StyleKart,Stripe,UPI,13293.84,SUCCESS,,118.97,13174.87,2026-02-18,RECONCILED
383,2026-03-14,MediPlus,Razorpay,UPI,1018.43,SUCCESS,,15.3,1003.13,2026-03-16,RECONCILED
384,2026-01-30,TravelNow,Stripe,Wallet,8348.67,FAILED,Bank timeout,113.46,0,,NOT_APPLICABLE
385,2026-02-08,QuickMart,Razorpay,Card,1276.43,FAILED,Technical error,8.69,0,,NOT_APPLICABLE
386,2026-01-22,QuickMart,Cashfree,UPI,14585.26,SUCCESS,,165.55,14419.71,2026-01-24,RECONCILED
387,2026-03-18,MediPlus,Razorpay,UPI,3942.51,FAILED,Technical error,42.66,0,,NOT_APPLICABLE
388,2026-02-11,MediPlus,Razorpay,Wallet,12863.7,SUCCESS,,86.03,12777.67,2026-02-11,RECONCILED
389,2026-03-16,StyleKart,Razorpay,UPI,11399.82,FAILED,Limit exceeded,191.36,0,,NOT_APPLICABLE
390,2026-02-22,MediPlus,Stripe,UPI,4035.64,SUCCESS,,30.6,4005.04,2026-02-23,RECONCILED
391,2026-03-29,StyleKart,PayU,Card,10435.55,SUCCESS,,59.89,10375.66,2026-03-30,RECONCILED
392,2026-01-03,QuickMart,PayU,NetBanking,5134.2,SUCCESS,,90.58,5043.62,2026-01-05,RECONCILED
393,2026-01-18,QuickMart,PayU,NetBanking,4577.16,SUCCESS,,72.92,4504.24,2026-01-20,RECONCILED
394,2026-02-26,QuickMart,Stripe,NetBanking,3249.72,FAILED,Limit exceeded,56.27,0,,NOT_APPLICABLE
395,2026-01-09,QuickMart,Cashfree,UPI,4735.73,SUCCESS,,36.02,4699.71,2026-01-09,RECONCILED
396,2026-01-05,MediPlus,Cashfree,NetBanking,6901.09,FAILED,Technical error,72.64,0,,NOT_APPLICABLE
397,2026-02-20,TravelNow,Razorpay,Card,9567.61,SUCCESS,,101.29,9466.32,2026-02-22,RECONCILED
398,2026-03-17,MediPlus,PayU,UPI,8314.87,SUCCESS,,77.13,8237.74,2026-03-18,RECONCILED
399,2026-01-28,FoodHub,Cashfree,NetBanking,12870.96,SUCCESS,,190.15,12680.81,2026-01-30,UNRECONCILED
400,2026-03-02,StyleKart,Razorpay,Card,13681.58,SUCCESS,,120.2,13561.38,2026-03-03,RECONCILED
401,2026-02-24,MediPlus,Stripe,NetBanking,13442.7,FAILED,Invalid credentials,111.21,0,,NOT_APPLICABLE
402,2026-03-21,StyleKart,PayU,NetBanking,6017.57,SUCCESS,,57.03,5960.54,2026-03-21,RECONCILED
403,2026-02-05,QuickMart,PayU,NetBanking,9644.86,FAILED,Limit exceeded,75.47,0,,NOT_APPLICABLE
404,2026-01-08,TravelNow,Stripe,NetBanking,12100.9,SUCCESS,,184.07,11916.83,2026-01-10,UNRECONCILED
405,2026-02-07,StyleKart,Stripe,UPI,3965.45,SUCCESS,,54.51,3910.94,2026-02-09,RECONCILED
406,2026-01-29,MediPlus,Stripe,NetBanking,10326.14,SUCCESS,,130.21,10195.93,2026-01-29,RECONCILED
407,2026-01-24,QuickMart,PayU,Card,4477.38,SUCCESS,,85.98,4391.4,2026-01-25,RECONCILED
408,2026-02-15,StyleKart,Stripe,NetBanking,3427.59,FAILED,Limit exceeded,36.25,0,,NOT_APPLICABLE
409,2026-03-01,TravelNow,Razorpay,Wallet,12783.09,SUCCESS,,234.46,12548.63,2026-03-03,RECONCILED
410,2026-03-09,MediPlus,Cashfree,Card,4545.5,SUCCESS,,90.39,4455.11,2026-03-10,RECONCILED
411,2026-02-28,StyleKart,Cashfree,UPI,2234.04,FAILED,Bank timeout,27.51,0,,NOT_APPLICABLE
412,2026-03-23,FoodHub,Cashfree,Card,964.4,SUCCESS,,13.16,951.24,2026-03-23,RECONCILED
413,2026-01-17,MediPlus,Stripe,Wallet,9255.75,SUCCESS,,180.3,9075.45,2026-01-18,UNRECONCILED
414,2026-01-26,QuickMart,PayU,Card,10986.82,PENDING,Insufficient funds,57.89,0,,NOT_APPLICABLE
415,2026-01-29,FoodHub,Cashfree,UPI,10433.52,SUCCESS,,112.19,10321.33,2026-01-31,RECONCILED
416,2026-01-06,TravelNow,PayU,Wallet,4543.21,SUCCESS,,83.23,4459.98,2026-01-06,RECONCILED
417,2026-02-15,QuickMart,Stripe,UPI,11276.72,SUCCESS,,95.02,11181.7,2026-02-17,RECONCILED
418,2026-01-03,MediPlus,PayU,UPI,8886.42,SUCCESS,,94.44,8791.98,2026-01-05,RECONCILED
419,2026-03-21,TravelNow,Razorpay,UPI,823.95,PENDING,Insufficient funds,4.72,0,,NOT_APPLICABLE
420,2026-02-26,StyleKart,Stripe,Card,5765.78,SUCCESS,,46.6,5719.18,2026-02-28,RECONCILED
421,2026-02-23,MediPlus,PayU,Card,9958.8,SUCCESS,,112.36,9846.44,2026-02-23,RECONCILED
422,2026-01-16,QuickMart,Stripe,Card,4312.33,SUCCESS,,60.95,4251.38,2026-01-17,RECONCILED
423,2026-02-15,StyleKart,Razorpay,Wallet,10581.21,SUCCESS,,197.4,10383.81,2026-02-17,RECONCILED
424,2026-01-31,FoodHub,Razorpay,Wallet,140.8,SUCCESS,,1.02,139.78,2026-01-31,RECONCILED
425,2026-01-13,QuickMart,Stripe,NetBanking,13581.21,SUCCESS,,121.71,13459.5,2026-01-13,RECONCILED
426,2026-01-06,FoodHub,PayU,Wallet,12798.51,SUCCESS,,205.78,12592.73,2026-01-06,RECONCILED
427,2026-01-02,StyleKart,Cashfree,NetBanking,12794.78,SUCCESS,,132.59,12662.19,2026-01-03,RECONCILED
428,2026-01-12,TravelNow,Razorpay,Wallet,5652.07,SUCCESS,,62.19,5589.88,2026-01-13,RECONCILED
429,2026-03-30,QuickMart,Cashfree,UPI,12775.01,SUCCESS,,89.27,12685.74,2026-04-01,RECONCILED
430,2026-01-14,QuickMart,Stripe,Card,6298.81,SUCCESS,,89.25,6209.56,2026-01-15,RECONCILED
431,2026-03-03,FoodHub,Stripe,Wallet,13813.93,SUCCESS,,78.6,13735.33,2026-03-04,RECONCILED
432,2026-03-28,FoodHub,Cashfree,NetBanking,7919.79,SUCCESS,,101.27,7818.52,2026-03-30,RECONCILED
433,2026-02-25,MediPlus,PayU,Wallet,9959.53,SUCCESS,,72.01,9887.52,2026-02-27,RECONCILED
434,2026-01-07,TravelNow,Stripe,Wallet,273.51,FAILED,Insufficient funds,4.93,0,,NOT_APPLICABLE
435,2026-02-11,TravelNow,Razorpay,Card,3689.29,PENDING,Technical error,48.91,0,,NOT_APPLICABLE
436,2026-01-31,TravelNow,Stripe,UPI,1274.58,SUCCESS,,22.75,1251.83,2026-02-01,RECONCILED
437,2026-03-25,StyleKart,Razorpay,UPI,364.76,SUCCESS,,6.34,358.42,2026-03-27,RECONCILED
438,2026-03-07,TravelNow,Stripe,NetBanking,8478.76,SUCCESS,,88.6,8390.16,2026-03-07,RECONCILED
439,2026-02-12,QuickMart,Stripe,NetBanking,8446.25,SUCCESS,,132.93,8313.32,2026-02-12,RECONCILED
440,2026-01-01,QuickMart,PayU,NetBanking,5186.22,FAILED,Insufficient funds,80.55,0,,NOT_APPLICABLE
441,2026-03-05,TravelNow,Stripe,UPI,2192.69,SUCCESS,,19.33,2173.36,2026-03-05,RECONCILED
442,2026-01-28,MediPlus,PayU,UPI,6909.99,SUCCESS,,113.03,6796.96,2026-01-28,RECONCILED
443,2026-01-16,TravelNow,Cashfree,Wallet,11604.96,SUCCESS,,58.78,11546.18,2026-01-18,RECONCILED
444,2026-03-16,MediPlus,Cashfree,Card,7295.69,SUCCESS,,116.42,7179.27,2026-03-16,RECONCILED
445,2026-03-19,StyleKart,Stripe,Wallet,13252.17,SUCCESS,,260.97,12991.2,2026-03-21,RECONCILED
446,2026-02-20,MediPlus,Stripe,Card,14457.54,PENDING,Limit exceeded,102.25,0,,NOT_APPLICABLE
447,2026-02-08,StyleKart,PayU,Card,12661.81,SUCCESS,,101.46,12560.35,2026-02-10,RECONCILED
448,2026-03-28,MediPlus,Cashfree,NetBanking,2076.81,SUCCESS,,32.51,2044.3,2026-03-29,RECONCILED
449,2026-03-15,TravelNow,PayU,Wallet,14145.84,SUCCESS,,242.24,13903.6,2026-03-17,RECONCILED
450,2026-01-19,FoodHub,PayU,Card,890.67,SUCCESS,,17.59,873.08,2026-01-21,RECONCILED
451,2026-03-30,MediPlus,Razorpay,NetBanking,11786.93,SUCCESS,,202.86,11584.07,2026-03-30,RECONCILED
452,2026-01-29,TravelNow,Cashfree,NetBanking,11161.95,SUCCESS,,171.83,10990.12,2026-01-29,RECONCILED
453,2026-02-23,QuickMart,PayU,UPI,14354.86,PENDING,Invalid credentials,74.57,0,,NOT_APPLICABLE
454,2026-03-21,MediPlus,Stripe,Card,13045.86,FAILED,Invalid credentials,243.6,0,,NOT_APPLICABLE
455,2026-03-11,QuickMart,Cashfree,NetBanking,11102.91,SUCCESS,,130.26,10972.65,2026-03-13,RECONCILED
456,2026-03-07,FoodHub,PayU,NetBanking,1878.37,SUCCESS,,13.06,1865.31,2026-03-09,RECONCILED
457,2026-02-12,FoodHub,Razorpay,Card,7048.34,FAILED,Limit exceeded,133.42,0,,NOT_APPLICABLE
458,2026-03-22,QuickMart,Stripe,NetBanking,9272.57,SUCCESS,,56.5,9216.07,2026-03-24,RECONCILED
459,2026-01-24,QuickMart,Cashfree,Wallet,7857.03,SUCCESS,,103.29,7753.74,2026-01-25,RECONCILED
460,2026-01-28,MediPlus,PayU,Card,9983.68,SUCCESS,,192.23,9791.45,2026-01-30,RECONCILED
461,2026-03-25,QuickMart,Stripe,Card,231.18,SUCCESS,,4.29,226.89,2026-03-27,RECONCILED
462,2026-01-06,MediPlus,Razorpay,Wallet,10270.02,SUCCESS,,90.88,10179.14,2026-01-08,RECONCILED
463,2026-02-17,MediPlus,Stripe,UPI,7763.21,SUCCESS,,73.34,7689.87,2026-02-19,RECONCILED
464,2026-01-11,TravelNow,Razorpay,UPI,14228.36,SUCCESS,,116.13,14112.23,2026-01-13,RECONCILED
465,2026-01-14,FoodHub,Stripe,UPI,3163.14,FAILED,Bank timeout,51.25,0,,NOT_APPLICABLE
466,2026-02-28,MediPlus,Razorpay,UPI,10781.34,SUCCESS,,82.69,10698.65,2026-03-01,RECONCILED
467,2026-01-30,FoodHub,Stripe,Wallet,13673.7,SUCCESS,,157.18,13516.52,2026-01-30,RECONCILED
468,2026-03-10,MediPlus,Razorpay,UPI,187.89,SUCCESS,,2.91,184.98,2026-03-10,RECONCILED
469,2026-01-14,FoodHub,Razorpay,NetBanking,4418.57,SUCCESS,,72.81,4345.76,2026-01-15,RECONCILED
470,2026-03-02,StyleKart,Stripe,NetBanking,2429.22,SUCCESS,,47.13,2382.09,2026-03-02,RECONCILED
471,2026-01-02,MediPlus,Razorpay,UPI,8347.51,SUCCESS,,42.37,8305.14,2026-01-04,RECONCILED
472,2026-01-11,QuickMart,PayU,Card,4639.9,SUCCESS,,51.92,4587.98,2026-01-13,RECONCILED
473,2026-01-21,FoodHub,PayU,Card,2841.49,SUCCESS,,19.09,2822.4,2026-01-23,RECONCILED
474,2026-03-12,TravelNow,PayU,UPI,6972.85,SUCCESS,,61.08,6911.77,2026-03-12,RECONCILED
475,2026-02-12,StyleKart,Cashfree,UPI,5421.36,SUCCESS,,50.29,5371.07,2026-02-12,RECONCILED
476,2026-03-04,TravelNow,PayU,Card,6814.63,SUCCESS,,91.88,6722.75,2026-03-05,RECONCILED
477,2026-01-22,StyleKart,Cashfree,Wallet,172.0,SUCCESS,,1.57,170.43,2026-01-23,RECONCILED
478,2026-03-03,FoodHub,PayU,Wallet,6996.44,SUCCESS,,92.88,6903.56,2026-03-03,RECONCILED
479,2026-02-05,FoodHub,Cashfree,NetBanking,12894.83,SUCCESS,,206.36,12688.47,2026-02-07,RECONCILED
480,2026-01-03,MediPlus,Stripe,Card,12758.85,SUCCESS,,237.25,12521.6,2026-01-05,RECONCILED
481,2026-03-02,StyleKart,Stripe,Card,9843.23,SUCCESS,,180.84,9662.39,2026-03-04,RECONCILED
482,2026-01-18,MediPlus,Stripe,NetBanking,7024.05,SUCCESS,,88.03,6936.02,2026-01-20,RECONCILED
483,2026-03-29,QuickMart,Stripe,Card,2571.07,SUCCESS,,19.76,2551.31,2026-03-31,RECONCILED
484,2026-03-03,QuickMart,Stripe,Card,14093.71,SUCCESS,,83.76,14009.95,2026-03-04,RECONCILED
485,2026-03-08,StyleKart,Stripe,Wallet,13625.12,SUCCESS,,248.29,13376.83,2026-03-08,RECONCILED
486,2026-01-14,TravelNow,PayU,NetBanking,10585.67,SUCCESS,,144.81,10440.86,2026-01-16,RECONCILED
487,2026-02-16,MediPlus,Razorpay,NetBanking,8856.41,FAILED,Bank timeout,94.28,0,,NOT_APPLICABLE
488,2026-02-21,MediPlus,Stripe,Wallet,5358.18,FAILED,Insufficient funds,98.1,0,,NOT_APPLICABLE
489,2026-01-18,FoodHub,PayU,Card,6654.49,SUCCESS,,48.27,6606.22,2026-01-18,RECONCILED
490,2026-03-26,QuickMart,Razorpay,Wallet,3532.16,SUCCESS,,53.44,3478.72,2026-03-27,RECONCILED
491,2026-03-24,MediPlus,Razorpay,Card,12517.14,SUCCESS,,170.26,12346.88,2026-03-24,RECONCILED
492,2026-01-06,MediPlus,Cashfree,NetBanking,13372.89,SUCCESS,,251.9,13120.99,2026-01-08,RECONCILED
493,2026-03-14,TravelNow,PayU,UPI,9600.58,FAILED,Limit exceeded,79.19,0,,NOT_APPLICABLE
494,2026-03-03,StyleKart,Cashfree,Card,2641.45,FAILED,Limit exceeded,37.9,0,,NOT_APPLICABLE
495,2026-01-22,FoodHub,Stripe,UPI,10890.38,SUCCESS,,91.99,10798.39,2026-01-23,RECONCILED
496,2026-01-26,TravelNow,Stripe,Card,7888.4,FAILED,Bank timeout,111.09,0,,NOT_APPLICABLE
497,2026-03-20,MediPlus,Razorpay,UPI,9037.23,FAILED,Bank timeout,110.56,0,,NOT_APPLICABLE
498,2026-03-11,MediPlus,Stripe,Wallet,12430.07,FAILED,Insufficient funds,131.21,0,,NOT_APPLICABLE
499,2026-02-24,MediPlus,Stripe,NetBanking,3519.35,SUCCESS,,48.69,3470.66,2026-02-26,RECONCILED
500,2026-01-13,QuickMart,Cashfree,UPI,6439.79,SUCCESS,,59.56,6380.23,2026-01-15,RECONCILED
501,2026-01-01,StyleKart,Razorpay,UPI,10666.32,SUCCESS,,113.33,10552.99,2026-01-01,RECONCILED
502,2026-02-22,MediPlus,PayU,NetBanking,5497.82,SUCCESS,,98.0,5399.82,2026-02-23,RECONCILED
503,2026-02-05,StyleKart,Cashfree,Wallet,14877.8,SUCCESS,,197.6,14680.2,2026-02-07,RECONCILED
504,2026-03-13,FoodHub,PayU,NetBanking,8368.18,SUCCESS,,139.02,8229.16,2026-03-14,RECONCILED
505,2026-01-30,MediPlus,Cashfree,UPI,6754.26,SUCCESS,,55.5,6698.76,2026-01-31,RECONCILED
506,2026-03-20,QuickMart,Cashfree,Wallet,10486.16,SUCCESS,,204.15,10282.01,2026-03-20,RECONCILED
507,2026-03-02,TravelNow,Razorpay,NetBanking,13895.34,SUCCESS,,115.7,13779.64,2026-03-02,RECONCILED
508,2026-02-21,MediPlus,Razorpay,Card,9248.09,SUCCESS,,135.06,9113.03,2026-02-22,UNRECONCILED
509,2026-02-06,FoodHub,Cashfree,Card,3001.72,SUCCESS,,45.36,2956.36,2026-02-07,RECONCILED
510,2026-01-21,MediPlus,Stripe,NetBanking,1393.96,SUCCESS,,20.97,1372.99,2026-01-22,RECONCILED
511,2026-01-02,StyleKart,Razorpay,NetBanking,11080.19,SUCCESS,,176.09,10904.1,2026-01-04,RECONCILED
512,2026-02-14,QuickMart,Cashfree,Wallet,14452.99,SUCCESS,,273.82,14179.17,2026-02-16,UNRECONCILED
513,2026-02-22,MediPlus,PayU,NetBanking,7642.95,SUCCESS,,146.78,7496.17,2026-02-24,RECONCILED
514,2026-03-15,TravelNow,Stripe,Wallet,3827.11,SUCCESS,,63.34,3763.77,2026-03-16,RECONCILED
515,2026-03-29,QuickMart,Razorpay,Wallet,6964.73,SUCCESS,,46.97,6917.76,2026-03-29,RECONCILED
516,2026-03-28,StyleKart,Stripe,NetBanking,10547.52,SUCCESS,,134.46,10413.06,2026-03-28,RECONCILED
517,2026-02-01,StyleKart,PayU,UPI,4380.61,SUCCESS,,58.34,4322.27,2026-02-01,RECONCILED
518,2026-01-28,StyleKart,Cashfree,Wallet,13425.31,SUCCESS,,215.57,13209.74,2026-01-28,RECONCILED
519,2026-01-27,FoodHub,PayU,Card,3515.19,FAILED,Insufficient funds,58.65,0,,NOT_APPLICABLE
520,2026-03-28,TravelNow,Razorpay,UPI,14341.12,SUCCESS,,254.13,14086.99,2026-03-29,RECONCILED
521,2026-03-15,MediPlus,PayU,Wallet,13044.66,SUCCESS,,108.68,12935.98,2026-03-17,RECONCILED
522,2026-02-24,FoodHub,PayU,Wallet,7226.97,SUCCESS,,129.41,7097.56,2026-02-24,RECONCILED
523,2026-03-31,StyleKart,Razorpay,UPI,7821.26,SUCCESS,,118.19,7703.07,2026-04-01,RECONCILED
524,2026-02-16,QuickMart,PayU,Card,9230.39,SUCCESS,,83.45,9146.94,2026-02-18,RECONCILED
525,2026-03-05,MediPlus,PayU,NetBanking,6416.75,SUCCESS,,114.31,6302.44,2026-03-06,RECONCILED
526,2026-01-17,TravelNow,Razorpay,NetBanking,14691.16,SUCCESS,,250.65,14440.51,2026-01-19,RECONCILED
527,2026-01-26,TravelNow,Cashfree,Wallet,2273.07,PENDING,Bank timeout,38.84,0,,NOT_APPLICABLE
528,2026-03-05,MediPlus,PayU,Wallet,2103.63,FAILED,Limit exceeded,19.99,0,,NOT_APPLICABLE
529,2026-01-07,FoodHub,Razorpay,Card,6036.19,SUCCESS,,103.87,5932.32,2026-01-08,RECONCILED
530,2026-02-27,MediPlus,PayU,NetBanking,11194.44,SUCCESS,,113.76,11080.68,2026-02-28,RECONCILED
531,2026-01-26,TravelNow,Cashfree,NetBanking,8695.12,SUCCESS,,89.79,8605.33,2026-01-28,RECONCILED
532,2026-01-11,MediPlus,Cashfree,Card,5777.96,SUCCESS,,84.41,5693.55,2026-01-12,RECONCILED
533,2026-03-15,StyleKart,Razorpay,Card,6131.11,FAILED,Invalid credentials,62.26,0,,NOT_APPLICABLE
534,2026-03-25,MediPlus,Stripe,NetBanking,4441.21,SUCCESS,,81.34,4359.87,2026-03-26,RECONCILED
535,2026-02-27,FoodHub,Razorpay,Card,6268.44,SUCCESS,,99.77,6168.67,2026-03-01,RECONCILED
536,2026-01-27,MediPlus,Razorpay,Wallet,2586.97,SUCCESS,,34.22,2552.75,2026-01-27,RECONCILED
537,2026-01-11,TravelNow,Razorpay,Wallet,1648.53,SUCCESS,,15.89,1632.64,2026-01-11,RECONCILED
538,2026-03-22,StyleKart,Cashfree,UPI,1983.53,SUCCESS,,10.96,1972.57,2026-03-23,RECONCILED
539,2026-03-02,QuickMart,PayU,Wallet,7061.18,FAILED,Limit exceeded,49.62,0,,NOT_APPLICABLE
540,2026-03-17,FoodHub,Stripe,NetBanking,9004.0,SUCCESS,,167.78,8836.22,2026-03-18,RECONCILED
541,2026-02-26,QuickMart,Cashfree,NetBanking,4687.24,SUCCESS,,24.18,4663.06,2026-02-28,RECONCILED
542,2026-02-14,MediPlus,Stripe,Wallet,4372.76,SUCCESS,,41.52,4331.24,2026-02-15,RECONCILED
543,2026-01-30,QuickMart,Cashfree,Wallet,11971.83,SUCCESS,,218.28,11753.55,2026-01-31,RECONCILED
544,2026-03-24,MediPlus,PayU,UPI,5906.88,SUCCESS,,66.95,5839.93,2026-03-24,RECONCILED
545,2026-03-30,StyleKart,PayU,Wallet,10301.14,SUCCESS,,80.56,10220.58,2026-03-30,RECONCILED
546,2026-01-15,MediPlus,PayU,Wallet,9589.7,SUCCESS,,74.96,9514.74,2026-01-15,RECONCILED
547,2026-01-03,FoodHub,PayU,Card,2870.47,SUCCESS,,45.15,2825.32,2026-01-05,UNRECONCILED
548,2026-01-20,TravelNow,Stripe,NetBanking,319.4,SUCCESS,,5.36,314.04,2026-01-21,RECONCILED
549,2026-03-31,TravelNow,Cashfree,UPI,11892.23,SUCCESS,,107.0,11785.23,2026-04-01,RECONCILED
550,2026-01-24,TravelNow,Stripe,UPI,2963.67,FAILED,Bank timeout,20.24,0,,NOT_APPLICABLE
551,2026-02-26,MediPlus,Cashfree,Wallet,3782.72,PENDING,Insufficient funds,60.64,0,,NOT_APPLICABLE
552,2026-03-27,MediPlus,PayU,NetBanking,14733.53,SUCCESS,,108.72,14624.81,2026-03-29,RECONCILED
553,2026-03-08,QuickMart,PayU,Card,1919.91,SUCCESS,,19.98,1899.93,2026-03-08,RECONCILED
554,2026-01-15,QuickMart,Razorpay,Card,3615.89,SUCCESS,,61.17,3554.72,2026-01-17,RECONCILED
555,2026-01-02,TravelNow,Stripe,Card,14535.64,SUCCESS,,153.66,14381.98,2026-01-02,RECONCILED
556,2026-01-12,FoodHub,Razorpay,UPI,10320.58,SUCCESS,,106.64,10213.94,2026-01-12,RECONCILED
557,2026-01-17,StyleKart,PayU,Wallet,7368.86,SUCCESS,,117.89,7250.97,2026-01-17,RECONCILED
558,2026-01-18,QuickMart,Stripe,NetBanking,3835.37,SUCCESS,,50.4,3784.97,2026-01-19,RECONCILED
559,2026-03-11,StyleKart,PayU,Card,5280.2,SUCCESS,,31.86,5248.34,2026-03-11,RECONCILED
560,2026-03-11,MediPlus,Stripe,Card,5569.98,SUCCESS,,101.62,5468.36,2026-03-13,RECONCILED
561,2026-01-31,QuickMart,Stripe,Card,4878.34,SUCCESS,,62.74,4815.6,2026-02-01,RECONCILED
562,2026-03-20,QuickMart,PayU,UPI,4318.62,SUCCESS,,27.83,4290.79,2026-03-22,RECONCILED
563,2026-01-23,TravelNow,Stripe,Card,13115.04,SUCCESS,,85.0,13030.04,2026-01-25,RECONCILED
564,2026-03-26,FoodHub,PayU,UPI,7399.65,SUCCESS,,77.66,7321.99,2026-03-28,RECONCILED
565,2026-01-27,StyleKart,Razorpay,Wallet,9870.67,FAILED,Insufficient funds,167.95,0,,NOT_APPLICABLE
566,2026-03-13,MediPlus,PayU,UPI,11177.81,FAILED,Invalid credentials,193.99,0,,NOT_APPLICABLE
567,2026-01-06,FoodHub,Razorpay,Card,11041.08,FAILED,Insufficient funds,214.29,0,,NOT_APPLICABLE
568,2026-01-30,FoodHub,Cashfree,Card,8021.75,SUCCESS,,107.3,7914.45,2026-02-01,RECONCILED
569,2026-03-23,MediPlus,Stripe,UPI,8690.8,SUCCESS,,65.2,8625.6,2026-03-23,RECONCILED
570,2026-02-13,StyleKart,Stripe,NetBanking,9897.23,SUCCESS,,183.47,9713.76,2026-02-15,RECONCILED
571,2026-02-17,MediPlus,PayU,Card,6243.92,SUCCESS,,83.96,6159.96,2026-02-17,RECONCILED
572,2026-02-02,MediPlus,Stripe,UPI,5464.13,SUCCESS,,86.85,5377.28,2026-02-03,RECONCILED
573,2026-01-18,StyleKart,PayU,Card,14901.84,SUCCESS,,122.53,14779.31,2026-01-19,UNRECONCILED
574,2026-03-12,StyleKart,Cashfree,UPI,7717.95,SUCCESS,,42.96,7674.99,2026-03-13,RECONCILED
575,2026-02-16,QuickMart,PayU,NetBanking,13355.42,SUCCESS,,85.19,13270.23,2026-02-17,RECONCILED
576,2026-01-10,FoodHub,Cashfree,Wallet,10881.35,SUCCESS,,189.18,10692.17,2026-01-12,RECONCILED
577,2026-03-18,TravelNow,Stripe,UPI,9669.59,SUCCESS,,161.5,9508.09,2026-03-19,RECONCILED
578,2026-02-23,StyleKart,Cashfree,UPI,13960.67,SUCCESS,,202.55,13758.12,2026-02-25,RECONCILED
579,2026-03-09,TravelNow,Cashfree,NetBanking,713.62,SUCCESS,,8.95,704.67,2026-03-09,RECONCILED
580,2026-02-27,StyleKart,Razorpay,Card,11317.32,SUCCESS,,129.91,11187.41,2026-02-28,RECONCILED
581,2026-01-11,QuickMart,Stripe,NetBanking,7190.23,SUCCESS,,45.13,7145.1,2026-01-13,RECONCILED
582,2026-01-18,QuickMart,Stripe,Card,7265.75,SUCCESS,,97.49,7168.26,2026-01-20,RECONCILED
583,2026-01-10,QuickMart,Razorpay,UPI,4067.23,SUCCESS,,61.32,4005.91,2026-01-11,RECONCILED
584,2026-02-11,TravelNow,PayU,Card,5233.42,SUCCESS,,103.7,5129.72,2026-02-13,RECONCILED
585,2026-03-21,FoodHub,Cashfree,Card,2272.7,SUCCESS,,34.73,2237.97,2026-03-21,RECONCILED
586,2026-01-15,StyleKart,Cashfree,NetBanking,11119.77,SUCCESS,,57.89,11061.88,2026-01-17,RECONCILED
587,2026-02-27,MediPlus,Cashfree,Card,7120.74,SUCCESS,,93.97,7026.77,2026-02-28,RECONCILED
588,2026-01-19,MediPlus,Stripe,UPI,10456.56,SUCCESS,,92.35,10364.21,2026-01-19,RECONCILED
589,2026-02-04,StyleKart,Razorpay,UPI,890.97,SUCCESS,,9.65,881.32,2026-02-05,RECONCILED
590,2026-01-14,FoodHub,Stripe,Card,384.27,FAILED,Limit exceeded,7.57,0,,NOT_APPLICABLE
591,2026-02-10,FoodHub,Razorpay,Card,7321.47,SUCCESS,,58.45,7263.02,2026-02-11,RECONCILED
592,2026-01-06,StyleKart,PayU,Wallet,3786.14,SUCCESS,,41.27,3744.87,2026-01-06,UNRECONCILED
593,2026-02-15,FoodHub,PayU,UPI,9415.94,SUCCESS,,135.47,9280.47,2026-02-16,RECONCILED
594,2026-03-13,MediPlus,PayU,Wallet,14241.83,SUCCESS,,211.55,14030.28,2026-03-13,RECONCILED
595,2026-03-28,StyleKart,Cashfree,Wallet,9225.48,SUCCESS,,79.39,9146.09,2026-03-28,RECONCILED
596,2026-03-19,QuickMart,Cashfree,Card,5006.34,SUCCESS,,68.66,4937.68,2026-03-21,RECONCILED
597,2026-02-09,MediPlus,Cashfree,Wallet,10359.13,FAILED,Bank timeout,206.51,0,,NOT_APPLICABLE
598,2026-01-21,StyleKart,Razorpay,Card,4830.69,SUCCESS,,47.17,4783.52,2026-01-21,RECONCILED
599,2026-02-22,FoodHub,PayU,Card,14421.82,SUCCESS,,240.65,14181.17,2026-02-22,RECONCILED
600,2026-03-20,TravelNow,Cashfree,Card,9292.5,SUCCESS,,78.65,9213.85,2026-03-20,RECONCILED
601,2026-01-18,QuickMart,PayU,Card,7584.64,SUCCESS,,134.87,7449.77,2026-01-19,RECONCILED
602,2026-01-25,QuickMart,Razorpay,NetBanking,3471.47,SUCCESS,,66.84,3404.63,2026-01-25,RECONCILED
603,2026-01-27,QuickMart,Stripe,Wallet,1085.43,FAILED,Technical error,16.63,0,,NOT_APPLICABLE
604,2026-02-24,MediPlus,Stripe,NetBanking,6132.51,SUCCESS,,66.92,6065.59,2026-02-26,RECONCILED
605,2026-03-09,QuickMart,Razorpay,UPI,9656.77,SUCCESS,,113.7,9543.07,2026-03-09,RECONCILED
606,2026-03-08,QuickMart,Razorpay,Wallet,8114.25,PENDING,Insufficient funds,103.39,0,,NOT_APPLICABLE
607,2026-02-07,MediPlus,PayU,Wallet,6649.35,FAILED,Invalid credentials,49.85,0,,NOT_APPLICABLE
608,2026-01-07,FoodHub,Stripe,Wallet,10380.3,FAILED,Limit exceeded,65.98,0,,NOT_APPLICABLE
609,2026-01-24,FoodHub,Cashfree,Wallet,11703.09,FAILED,Technical error,131.11,0,,NOT_APPLICABLE
610,2026-01-23,QuickMart,Cashfree,Wallet,6859.84,FAILED,Invalid credentials,43.58,0,,NOT_APPLICABLE
611,2026-01-16,MediPlus,PayU,UPI,1458.75,SUCCESS,,18.76,1439.99,2026-01-17,RECONCILED
612,2026-03-20,QuickMart,Stripe,UPI,14251.33,SUCCESS,,235.49,14015.84,2026-03-21,RECONCILED
613,2026-01-21,TravelNow,Razorpay,Wallet,13045.4,SUCCESS,,125.51,12919.89,2026-01-23,RECONCILED
614,2026-02-06,TravelNow,Cashfree,Card,9434.15,SUCCESS,,47.67,9386.48,2026-02-07,UNRECONCILED
615,2026-03-05,TravelNow,Stripe,Card,8198.17,SUCCESS,,67.66,8130.51,2026-03-07,RECONCILED
616,2026-02-26,QuickMart,Cashfree,NetBanking,1283.13,SUCCESS,,18.34,1264.79,2026-02-28,RECONCILED
617,2026-01-07,MediPlus,PayU,UPI,2854.12,SUCCESS,,20.49,2833.63,2026-01-07,RECONCILED
618,2026-02-08,MediPlus,Razorpay,Wallet,5033.56,SUCCESS,,100.2,4933.36,2026-02-08,RECONCILED
619,2026-03-26,FoodHub,Cashfree,Wallet,10403.55,SUCCESS,,168.95,10234.6,2026-03-27,RECONCILED
620,2026-02-08,StyleKart,Razorpay,Wallet,4910.05,FAILED,Insufficient funds,86.66,0,,NOT_APPLICABLE
621,2026-03-02,QuickMart,PayU,NetBanking,2104.73,SUCCESS,,27.16,2077.57,2026-03-04,RECONCILED
622,2026-03-20,StyleKart,Razorpay,Wallet,966.95,SUCCESS,,15.34,951.61,2026-03-22,RECONCILED
623,2026-02-24,TravelNow,PayU,Card,9171.78,SUCCESS,,130.37,9041.41,2026-02-25,RECONCILED
624,2026-03-05,FoodHub,Cashfree,NetBanking,12138.91,FAILED,Insufficient funds,239.0,0,,NOT_APPLICABLE
625,2026-01-04,QuickMart,Cashfree,Wallet,7026.8,SUCCESS,,78.77,6948.03,2026-01-05,RECONCILED
626,2026-01-02,FoodHub,PayU,UPI,9645.21,SUCCESS,,92.75,9552.46,2026-01-04,RECONCILED
627,2026-01-15,TravelNow,Razorpay,Card,10318.95,SUCCESS,,81.63,10237.32,2026-01-16,RECONCILED
628,2026-03-02,TravelNow,Stripe,Card,11979.09,SUCCESS,,172.59,11806.5,2026-03-04,RECONCILED
629,2026-02-22,StyleKart,PayU,NetBanking,13924.07,SUCCESS,,185.58,13738.49,2026-02-22,RECONCILED
630,2026-02-15,QuickMart,Razorpay,NetBanking,1086.57,SUCCESS,,21.46,1065.11,2026-02-17,RECONCILED
631,2026-03-15,StyleKart,Razorpay,NetBanking,9124.77,SUCCESS,,142.15,8982.62,2026-03-16,RECONCILED
632,2026-02-22,QuickMart,PayU,Wallet,1393.29,FAILED,Invalid credentials,24.3,0,,NOT_APPLICABLE
633,2026-03-09,TravelNow,Razorpay,Card,4604.54,SUCCESS,,86.11,4518.43,2026-03-10,RECONCILED
634,2026-03-06,FoodHub,Stripe,NetBanking,2395.76,SUCCESS,,39.85,2355.91,2026-03-06,RECONCILED
635,2026-03-08,StyleKart,Razorpay,Wallet,10183.09,SUCCESS,,110.12,10072.97,2026-03-10,RECONCILED
636,2026-01-06,StyleKart,Razorpay,NetBanking,10337.08,SUCCESS,,124.08,10213.0,2026-01-06,RECONCILED
637,2026-01-03,StyleKart,Cashfree,NetBanking,8705.64,SUCCESS,,69.72,8635.92,2026-01-04,RECONCILED
638,2026-02-26,FoodHub,Cashfree,NetBanking,10099.75,SUCCESS,,67.84,10031.91,2026-02-28,RECONCILED
639,2026-01-27,QuickMart,PayU,Card,8183.68,SUCCESS,,156.71,8026.97,2026-01-28,RECONCILED
640,2026-01-10,FoodHub,Stripe,UPI,4739.53,FAILED,Technical error,32.94,0,,NOT_APPLICABLE
641,2026-01-14,TravelNow,Stripe,Card,5815.63,SUCCESS,,90.55,5725.08,2026-01-16,RECONCILED
642,2026-03-20,FoodHub,Cashfree,UPI,5398.8,SUCCESS,,105.84,5292.96,2026-03-21,RECONCILED
643,2026-03-31,MediPlus,Stripe,Wallet,7077.31,SUCCESS,,59.98,7017.33,2026-03-31,RECONCILED
644,2026-02-03,FoodHub,PayU,NetBanking,13701.64,SUCCESS,,161.67,13539.97,2026-02-03,RECONCILED
645,2026-02-14,MediPlus,PayU,NetBanking,7231.92,FAILED,Bank timeout,101.73,0,,NOT_APPLICABLE
646,2026-01-14,MediPlus,Razorpay,NetBanking,6144.72,SUCCESS,,81.98,6062.74,2026-01-14,RECONCILED
647,2026-03-01,QuickMart,Cashfree,Card,6072.17,SUCCESS,,119.07,5953.1,2026-03-02,RECONCILED
648,2026-03-30,FoodHub,Stripe,NetBanking,8905.46,SUCCESS,,117.27,8788.19,2026-03-30,RECONCILED
649,2026-03-15,TravelNow,Stripe,NetBanking,12567.55,SUCCESS,,167.48,12400.07,2026-03-16,RECONCILED
650,2026-01-09,QuickMart,Stripe,NetBanking,9014.06,SUCCESS,,111.9,8902.16,2026-01-11,RECONCILED
651,2026-01-18,MediPlus,Razorpay,Card,13320.2,FAILED,Technical error,198.65,0,,NOT_APPLICABLE
652,2026-02-07,StyleKart,Cashfree,Card,5910.74,SUCCESS,,89.98,5820.76,2026-02-08,RECONCILED
653,2026-02-25,TravelNow,Razorpay,UPI,10795.09,FAILED,Limit exceeded,152.99,0,,NOT_APPLICABLE
654,2026-01-17,StyleKart,Razorpay,UPI,12802.33,SUCCESS,,199.08,12603.25,2026-01-18,RECONCILED
655,2026-01-04,MediPlus,Stripe,NetBanking,3605.09,SUCCESS,,56.52,3548.57,2026-01-05,RECONCILED
656,2026-01-28,QuickMart,Cashfree,Wallet,9971.06,SUCCESS,,175.99,9795.07,2026-01-29,RECONCILED
657,2026-02-06,TravelNow,Cashfree,UPI,14962.1,SUCCESS,,90.91,14871.19,2026-02-06,RECONCILED
658,2026-03-26,TravelNow,Razorpay,Card,6607.35,PENDING,Technical error,96.69,0,,NOT_APPLICABLE
659,2026-03-31,TravelNow,Cashfree,Wallet,9106.0,SUCCESS,,115.11,8990.89,2026-04-02,RECONCILED
660,2026-02-15,StyleKart,Razorpay,Wallet,3463.54,SUCCESS,,61.31,3402.23,2026-02-15,RECONCILED
661,2026-02-22,MediPlus,Razorpay,UPI,13905.81,SUCCESS,,188.04,13717.77,2026-02-24,RECONCILED
662,2026-03-03,FoodHub,PayU,Wallet,14429.89,SUCCESS,,184.04,14245.85,2026-03-05,RECONCILED
663,2026-02-01,FoodHub,Razorpay,NetBanking,7139.53,SUCCESS,,101.35,7038.18,2026-02-02,RECONCILED
664,2026-03-02,StyleKart,PayU,Wallet,6865.12,FAILED,Invalid credentials,70.67,0,,NOT_APPLICABLE
665,2026-01-22,MediPlus,PayU,NetBanking,626.36,FAILED,Technical error,3.71,0,,NOT_APPLICABLE
666,2026-01-22,FoodHub,PayU,UPI,8635.61,SUCCESS,,80.33,8555.28,2026-01-22,RECONCILED
667,2026-02-05,MediPlus,PayU,NetBanking,3855.56,SUCCESS,,20.1,3835.46,2026-02-05,RECONCILED
668,2026-01-20,MediPlus,Cashfree,NetBanking,9921.42,SUCCESS,,166.06,9755.36,2026-01-20,RECONCILED
669,2026-01-05,QuickMart,Cashfree,Card,5208.44,SUCCESS,,91.48,5116.96,2026-01-06,RECONCILED
670,2026-03-26,FoodHub,Cashfree,NetBanking,6658.76,SUCCESS,,38.72,6620.04,2026-03-27,RECONCILED
671,2026-01-07,TravelNow,PayU,Wallet,2597.25,SUCCESS,,42.06,2555.19,2026-01-09,RECONCILED
672,2026-03-02,StyleKart,Stripe,UPI,4013.11,SUCCESS,,37.45,3975.66,2026-03-03,RECONCILED
673,2026-03-09,StyleKart,PayU,Wallet,10274.86,SUCCESS,,145.46,10129.4,2026-03-11,RECONCILED
674,2026-02-04,MediPlus,Stripe,Wallet,4079.61,SUCCESS,,67.71,4011.9,2026-02-06,RECONCILED
675,2026-01-25,FoodHub,Cashfree,NetBanking,7847.29,SUCCESS,,103.7,7743.59,2026-01-27,UNRECONCILED
676,2026-01-02,FoodHub,Stripe,NetBanking,6227.61,SUCCESS,,51.63,6175.98,2026-01-03,RECONCILED
677,2026-01-04,MediPlus,Cashfree,UPI,9329.02,SUCCESS,,145.73,9183.29,2026-01-04,RECONCILED
678,2026-01-17,FoodHub,Cashfree,UPI,5701.78,SUCCESS,,88.01,5613.77,2026-01-18,RECONCILED
679,2026-03-23,StyleKart,Stripe,NetBanking,6856.31,PENDING,Insufficient funds,60.75,0,,NOT_APPLICABLE
680,2026-01-08,FoodHub,Razorpay,NetBanking,5803.71,SUCCESS,,112.21,5691.5,2026-01-09,RECONCILED
681,2026-03-04,TravelNow,Stripe,Card,14693.39,SUCCESS,,215.73,14477.66,2026-03-04,RECONCILED
682,2026-01-28,StyleKart,Stripe,NetBanking,9248.1,SUCCESS,,60.57,9187.53,2026-01-28,RECONCILED
683,2026-02-27,StyleKart,Razorpay,UPI,379.6,SUCCESS,,5.68,373.92,2026-02-28,RECONCILED
684,2026-02-20,FoodHub,Stripe,Wallet,8662.14,SUCCESS,,99.97,8562.17,2026-02-22,RECONCILED
685,2026-03-11,StyleKart,Stripe,UPI,3465.12,SUCCESS,,46.81,3418.31,2026-03-12,RECONCILED
686,2026-02-21,FoodHub,Razorpay,NetBanking,922.4,PENDING,Invalid credentials,12.01,0,,NOT_APPLICABLE
687,2026-02-28,StyleKart,Cashfree,Card,11430.75,SUCCESS,,152.22,11278.53,2026-03-01,RECONCILED
688,2026-03-31,QuickMart,PayU,Wallet,5912.56,SUCCESS,,37.09,5875.47,2026-04-02,RECONCILED
689,2026-01-18,TravelNow,Cashfree,Wallet,631.9,SUCCESS,,6.84,625.06,2026-01-20,RECONCILED
690,2026-03-10,FoodHub,Razorpay,UPI,14477.81,SUCCESS,,146.07,14331.74,2026-03-11,RECONCILED
691,2026-02-21,FoodHub,Stripe,Card,1860.99,SUCCESS,,29.99,1831.0,2026-02-21,RECONCILED
692,2026-01-19,FoodHub,Razorpay,Card,7384.53,SUCCESS,,114.6,7269.93,2026-01-19,UNRECONCILED
693,2026-02-09,MediPlus,Cashfree,UPI,12329.01,SUCCESS,,212.89,12116.12,2026-02-09,RECONCILED
694,2026-03-20,StyleKart,Stripe,NetBanking,3386.53,SUCCESS,,58.16,3328.37,2026-03-22,RECONCILED
695,2026-01-16,MediPlus,Cashfree,NetBanking,14640.21,SUCCESS,,256.88,14383.33,2026-01-16,RECONCILED
696,2026-01-23,TravelNow,Cashfree,Wallet,5099.01,SUCCESS,,38.35,5060.66,2026-01-24,RECONCILED
697,2026-02-01,FoodHub,Razorpay,Wallet,13892.57,SUCCESS,,231.52,13661.05,2026-02-01,RECONCILED
698,2026-01-01,QuickMart,PayU,Wallet,207.64,FAILED,Technical error,3.2,0,,NOT_APPLICABLE
699,2026-01-27,FoodHub,Stripe,Wallet,2232.01,SUCCESS,,19.17,2212.84,2026-01-27,RECONCILED
700,2026-03-18,QuickMart,Razorpay,NetBanking,2782.01,SUCCESS,,28.43,2753.58,2026-03-18,RECONCILED
701,2026-01-16,StyleKart,PayU,Card,14800.39,PENDING,Bank timeout,177.06,0,,NOT_APPLICABLE
702,2026-01-07,FoodHub,Stripe,Wallet,2986.41,SUCCESS,,22.83,2963.58,2026-01-09,RECONCILED
703,2026-03-24,FoodHub,PayU,NetBanking,5526.48,SUCCESS,,78.76,5447.72,2026-03-25,RECONCILED
704,2026-03-10,MediPlus,Stripe,UPI,2720.73,SUCCESS,,16.5,2704.23,2026-03-10,RECONCILED
705,2026-03-16,QuickMart,PayU,Card,4956.99,SUCCESS,,82.71,4874.28,2026-03-17,RECONCILED
706,2026-02-22,TravelNow,Cashfree,UPI,13061.31,SUCCESS,,157.58,12903.73,2026-02-23,RECONCILED
707,2026-01-19,StyleKart,Cashfree,Wallet,3320.86,SUCCESS,,35.21,3285.65,2026-01-20,RECONCILED
708,2026-02-04,QuickMart,Razorpay,NetBanking,3112.94,SUCCESS,,21.94,3091.0,2026-02-05,RECONCILED
709,2026-02-13,FoodHub,Cashfree,Card,3375.82,SUCCESS,,46.15,3329.67,2026-02-15,RECONCILED
710,2026-02-22,TravelNow,Cashfree,Wallet,12868.91,SUCCESS,,225.91,12643.0,2026-02-23,UNRECONCILED
711,2026-02-01,FoodHub,Cashfree,Card,3792.69,SUCCESS,,70.95,3721.74,2026-02-01,RECONCILED
712,2026-01-06,FoodHub,Razorpay,Wallet,14869.98,SUCCESS,,192.82,14677.16,2026-01-07,RECONCILED
713,2026-02-27,QuickMart,Razorpay,Wallet,7479.75,SUCCESS,,143.98,7335.77,2026-02-27,RECONCILED
714,2026-03-24,FoodHub,PayU,Card,14984.38,SUCCESS,,233.0,14751.38,2026-03-26,RECONCILED
715,2026-02-28,FoodHub,Stripe,Card,7010.03,SUCCESS,,118.1,6891.93,2026-03-01,RECONCILED
716,2026-03-22,MediPlus,PayU,UPI,1153.41,FAILED,Invalid credentials,10.9,0,,NOT_APPLICABLE
717,2026-03-11,StyleKart,Razorpay,NetBanking,8670.92,SUCCESS,,139.05,8531.87,2026-03-11,RECONCILED
718,2026-01-07,FoodHub,Razorpay,NetBanking,1753.4,SUCCESS,,18.4,1735.0,2026-01-09,RECONCILED
719,2026-03-13,MediPlus,PayU,Card,10669.12,SUCCESS,,139.71,10529.41,2026-03-15,RECONCILED
720,2026-03-31,TravelNow,Cashfree,NetBanking,3225.93,SUCCESS,,33.2,3192.73,2026-04-01,RECONCILED
721,2026-02-05,MediPlus,Stripe,Wallet,911.45,SUCCESS,,11.41,900.04,2026-02-05,RECONCILED
722,2026-03-28,QuickMart,Stripe,NetBanking,12398.15,FAILED,Insufficient funds,210.75,0,,NOT_APPLICABLE
723,2026-02-28,StyleKart,Cashfree,NetBanking,1400.9,SUCCESS,,27.14,1373.76,2026-02-28,RECONCILED
724,2026-01-15,QuickMart,Cashfree,UPI,10486.52,SUCCESS,,98.55,10387.97,2026-01-17,RECONCILED
725,2026-03-02,QuickMart,Razorpay,NetBanking,5265.83,SUCCESS,,41.26,5224.57,2026-03-02,RECONCILED
726,2026-03-08,MediPlus,PayU,NetBanking,9705.61,SUCCESS,,119.3,9586.31,2026-03-10,RECONCILED
727,2026-02-26,StyleKart,PayU,Card,6924.31,SUCCESS,,116.6,6807.71,2026-02-26,RECONCILED
728,2026-01-07,QuickMart,Cashfree,Card,2310.24,SUCCESS,,36.22,2274.02,2026-01-08,RECONCILED
729,2026-03-30,TravelNow,Cashfree,Card,13580.2,SUCCESS,,91.72,13488.48,2026-03-31,RECONCILED
730,2026-02-03,MediPlus,Razorpay,NetBanking,5608.11,SUCCESS,,110.31,5497.8,2026-02-03,RECONCILED
731,2026-01-21,StyleKart,Razorpay,Wallet,8051.28,SUCCESS,,152.7,7898.58,2026-01-21,RECONCILED
732,2026-01-20,MediPlus,PayU,NetBanking,163.99,SUCCESS,,1.99,162.0,2026-01-21,RECONCILED
733,2026-03-27,FoodHub,Stripe,NetBanking,2291.54,SUCCESS,,35.15,2256.39,2026-03-29,RECONCILED
734,2026-01-18,FoodHub,Razorpay,Wallet,10202.32,SUCCESS,,145.51,10056.81,2026-01-18,RECONCILED
735,2026-02-11,TravelNow,Cashfree,NetBanking,920.0,SUCCESS,,7.3,912.7,2026-02-11,RECONCILED
736,2026-03-28,FoodHub,Stripe,Card,10106.21,SUCCESS,,124.88,9981.33,2026-03-30,RECONCILED
737,2026-03-27,StyleKart,Stripe,NetBanking,5479.87,SUCCESS,,59.14,5420.73,2026-03-27,RECONCILED
738,2026-02-09,TravelNow,Razorpay,Card,14665.1,FAILED,Technical error,233.44,0,,NOT_APPLICABLE
739,2026-02-26,QuickMart,Stripe,Wallet,4400.65,SUCCESS,,31.22,4369.43,2026-02-28,RECONCILED
740,2026-01-27,TravelNow,PayU,UPI,4618.14,PENDING,Limit exceeded,87.73,0,,NOT_APPLICABLE
741,2026-01-12,QuickMart,PayU,Wallet,198.62,SUCCESS,,1.51,197.11,2026-01-13,RECONCILED
742,2026-01-26,StyleKart,Stripe,UPI,2871.5,SUCCESS,,49.8,2821.7,2026-01-27,RECONCILED
743,2026-03-05,TravelNow,Razorpay,UPI,8433.29,SUCCESS,,61.65,8371.64,2026-03-06,RECONCILED
744,2026-01-16,FoodHub,Stripe,Card,9841.81,FAILED,Bank timeout,121.82,0,,NOT_APPLICABLE
745,2026-01-16,StyleKart,Razorpay,NetBanking,11494.3,SUCCESS,,157.66,11336.64,2026-01-18,RECONCILED
746,2026-03-22,FoodHub,Razorpay,NetBanking,10320.1,PENDING,Limit exceeded,130.94,0,,NOT_APPLICABLE
747,2026-02-03,FoodHub,PayU,Wallet,2526.42,SUCCESS,,45.92,2480.5,2026-02-03,RECONCILED
748,2026-02-04,FoodHub,PayU,UPI,5481.34,SUCCESS,,51.24,5430.1,2026-02-06,RECONCILED
749,2026-03-07,StyleKart,Razorpay,Card,2987.84,SUCCESS,,39.31,2948.53,2026-03-08,RECONCILED
750,2026-02-04,StyleKart,Razorpay,NetBanking,10313.11,SUCCESS,,178.93,10134.18,2026-02-04,RECONCILED
751,2026-02-17,QuickMart,Cashfree,UPI,11704.24,SUCCESS,,96.77,11607.47,2026-02-19,RECONCILED
752,2026-03-13,FoodHub,Razorpay,Wallet,9240.08,FAILED,Insufficient funds,110.03,0,,NOT_APPLICABLE
753,2026-01-17,MediPlus,PayU,NetBanking,13858.81,SUCCESS,,98.19,13760.62,2026-01-18,RECONCILED
754,2026-03-08,QuickMart,PayU,UPI,11477.48,SUCCESS,,185.56,11291.92,2026-03-08,RECONCILED
755,2026-03-30,TravelNow,Cashfree,UPI,3475.96,SUCCESS,,39.53,3436.43,2026-03-30,RECONCILED
756,2026-02-25,StyleKart,Razorpay,Wallet,733.5,SUCCESS,,4.98,728.52,2026-02-26,RECONCILED
757,2026-03-27,StyleKart,Razorpay,Card,253.06,SUCCESS,,3.5,249.56,2026-03-27,RECONCILED
758,2026-01-04,MediPlus,PayU,NetBanking,1452.61,FAILED,Limit exceeded,14.94,0,,NOT_APPLICABLE
759,2026-01-31,MediPlus,Razorpay,Card,7623.15,SUCCESS,,119.97,7503.18,2026-02-01,RECONCILED
760,2026-01-01,FoodHub,Cashfree,Wallet,14606.34,SUCCESS,,153.32,14453.02,2026-01-03,RECONCILED
761,2026-01-24,FoodHub,Stripe,Card,12537.66,PENDING,Technical error,159.4,0,,NOT_APPLICABLE
762,2026-02-10,FoodHub,Cashfree,Wallet,1941.87,SUCCESS,,31.91,1909.96,2026-02-12,RECONCILED
763,2026-01-11,TravelNow,PayU,Wallet,4988.92,SUCCESS,,69.87,4919.05,2026-01-12,RECONCILED
764,2026-01-29,StyleKart,Stripe,Card,8353.35,SUCCESS,,149.12,8204.23,2026-01-30,RECONCILED
765,2026-01-23,FoodHub,Razorpay,Wallet,290.51,SUCCESS,,3.36,287.15,2026-01-25,RECONCILED
766,2026-01-19,MediPlus,Razorpay,Card,5982.69,SUCCESS,,35.72,5946.97,2026-01-19,RECONCILED
767,2026-02-21,MediPlus,Stripe,NetBanking,1929.16,FAILED,Limit exceeded,31.78,0,,NOT_APPLICABLE
768,2026-02-04,TravelNow,Stripe,NetBanking,11368.91,SUCCESS,,137.99,11230.92,2026-02-06,RECONCILED
769,2026-03-07,QuickMart,Razorpay,UPI,4255.47,SUCCESS,,37.28,4218.19,2026-03-08,RECONCILED
770,2026-01-04,StyleKart,Razorpay,Wallet,1584.09,SUCCESS,,24.03,1560.06,2026-01-04,RECONCILED
771,2026-01-20,TravelNow,Razorpay,Wallet,4611.01,SUCCESS,,77.88,4533.13,2026-01-20,RECONCILED
772,2026-03-04,StyleKart,Razorpay,UPI,7621.44,SUCCESS,,151.37,7470.07,2026-03-04,RECONCILED
773,2026-02-18,QuickMart,Cashfree,NetBanking,6694.09,SUCCESS,,122.3,6571.79,2026-02-18,RECONCILED
774,2026-02-09,TravelNow,Razorpay,Wallet,10764.28,SUCCESS,,160.4,10603.88,2026-02-11,RECONCILED
775,2026-03-02,MediPlus,Razorpay,Wallet,8477.61,SUCCESS,,75.88,8401.73,2026-03-04,RECONCILED
776,2026-03-28,QuickMart,PayU,UPI,5356.18,PENDING,Insufficient funds,29.04,0,,NOT_APPLICABLE
777,2026-02-16,StyleKart,Razorpay,NetBanking,5298.26,SUCCESS,,56.74,5241.52,2026-02-17,RECONCILED
778,2026-02-22,FoodHub,Cashfree,Card,5333.91,SUCCESS,,78.52,5255.39,2026-02-24,RECONCILED
779,2026-02-09,TravelNow,PayU,UPI,1805.62,SUCCESS,,21.51,1784.11,2026-02-10,RECONCILED
780,2026-02-04,FoodHub,Razorpay,NetBanking,403.99,SUCCESS,,4.31,399.68,2026-02-05,RECONCILED
781,2026-03-04,MediPlus,PayU,Wallet,1590.84,SUCCESS,,19.95,1570.89,2026-03-06,RECONCILED
782,2026-02-08,StyleKart,Stripe,UPI,5513.68,SUCCESS,,97.07,5416.61,2026-02-10,RECONCILED
783,2026-01-07,StyleKart,Cashfree,UPI,4530.07,SUCCESS,,71.42,4458.65,2026-01-09,RECONCILED
784,2026-02-04,StyleKart,Stripe,Wallet,1102.32,SUCCESS,,8.98,1093.34,2026-02-04,RECONCILED
785,2026-03-06,TravelNow,PayU,Card,12081.49,SUCCESS,,135.49,11946.0,2026-03-07,RECONCILED
786,2026-03-27,TravelNow,Razorpay,Card,11475.29,SUCCESS,,156.67,11318.62,2026-03-27,RECONCILED
787,2026-02-04,QuickMart,Stripe,UPI,14063.73,SUCCESS,,180.49,13883.24,2026-02-05,RECONCILED
788,2026-01-20,TravelNow,Stripe,Wallet,11221.86,SUCCESS,,109.75,11112.11,2026-01-20,RECONCILED
789,2026-02-04,FoodHub,PayU,Card,12373.29,SUCCESS,,137.19,12236.1,2026-02-04,RECONCILED
790,2026-02-01,StyleKart,Stripe,Wallet,11975.97,SUCCESS,,135.69,11840.28,2026-02-01,RECONCILED
791,2026-01-18,TravelNow,PayU,Card,534.21,SUCCESS,,7.83,526.38,2026-01-18,RECONCILED
792,2026-01-03,StyleKart,PayU,NetBanking,924.38,FAILED,Technical error,16.65,0,,NOT_APPLICABLE
793,2026-03-27,FoodHub,Cashfree,Card,9895.72,SUCCESS,,66.09,9829.63,2026-03-29,RECONCILED
794,2026-03-08,StyleKart,PayU,Wallet,9996.84,SUCCESS,,182.63,9814.21,2026-03-08,RECONCILED
795,2026-02-12,StyleKart,Cashfree,Wallet,12501.78,SUCCESS,,103.39,12398.39,2026-02-12,RECONCILED
796,2026-02-26,StyleKart,Razorpay,Wallet,6184.8,FAILED,Insufficient funds,80.42,0,,NOT_APPLICABLE
797,2026-03-11,StyleKart,PayU,Card,6414.34,SUCCESS,,67.0,6347.34,2026-03-13,RECONCILED
798,2026-01-03,StyleKart,Razorpay,UPI,9716.42,FAILED,Bank timeout,149.25,0,,NOT_APPLICABLE
799,2026-03-12,TravelNow,PayU,UPI,5831.88,SUCCESS,,75.95,5755.93,2026-03-12,RECONCILED
800,2026-01-02,QuickMart,PayU,NetBanking,13655.86,SUCCESS,,86.77,13569.09,2026-01-02,RECONCILED
801,2026-02-26,TravelNow,Stripe,UPI,9507.16,FAILED,Insufficient funds,86.62,0,,NOT_APPLICABLE
802,2026-03-02,QuickMart,PayU,Wallet,11080.44,FAILED,Insufficient funds,201.13,0,,NOT_APPLICABLE
803,2026-03-31,QuickMart,Stripe,NetBanking,3988.45,SUCCESS,,47.06,3941.39,2026-03-31,RECONCILED
804,2026-03-22,FoodHub,Razorpay,Wallet,6706.73,SUCCESS,,53.66,6653.07,2026-03-23,RECONCILED
805,2026-01-15,QuickMart,Cashfree,Wallet,2451.55,SUCCESS,,41.41,2410.14,2026-01-16,RECONCILED
806,2026-02-03,TravelNow,PayU,NetBanking,2684.84,SUCCESS,,21.42,2663.42,2026-02-04,RECONCILED
807,2026-02-18,MediPlus,Cashfree,UPI,14176.88,FAILED,Limit exceeded,272.5,0,,NOT_APPLICABLE
808,2026-03-22,MediPlus,Stripe,Card,3507.74,SUCCESS,,31.31,3476.43,2026-03-22,RECONCILED
809,2026-02-24,MediPlus,PayU,Card,9045.85,SUCCESS,,173.76,8872.09,2026-02-24,UNRECONCILED
810,2026-02-25,QuickMart,Stripe,UPI,11623.05,FAILED,Bank timeout,97.25,0,,NOT_APPLICABLE
811,2026-02-04,StyleKart,Cashfree,Wallet,4390.63,SUCCESS,,78.35,4312.28,2026-02-06,RECONCILED
812,2026-03-28,TravelNow,Cashfree,UPI,2921.51,SUCCESS,,27.32,2894.19,2026-03-29,RECONCILED
813,2026-02-01,TravelNow,Stripe,UPI,5607.6,SUCCESS,,28.91,5578.69,2026-02-01,RECONCILED
814,2026-03-29,StyleKart,Stripe,NetBanking,3262.04,SUCCESS,,19.88,3242.16,2026-03-31,RECONCILED
815,2026-01-31,TravelNow,Razorpay,UPI,7116.89,SUCCESS,,62.66,7054.23,2026-02-02,RECONCILED
816,2026-03-27,TravelNow,Razorpay,Card,5626.43,PENDING,Limit exceeded,50.1,0,,NOT_APPLICABLE
817,2026-02-13,QuickMart,PayU,Wallet,13180.66,SUCCESS,,93.94,13086.72,2026-02-13,RECONCILED
818,2026-03-05,MediPlus,PayU,Wallet,13088.03,FAILED,Invalid credentials,120.98,0,,NOT_APPLICABLE
819,2026-02-03,QuickMart,Cashfree,NetBanking,7802.89,SUCCESS,,125.26,7677.63,2026-02-04,RECONCILED
820,2026-03-13,FoodHub,Stripe,UPI,12810.2,SUCCESS,,100.35,12709.85,2026-03-13,RECONCILED
821,2026-03-02,StyleKart,Stripe,UPI,3977.34,SUCCESS,,79.26,3898.08,2026-03-03,RECONCILED
822,2026-03-13,QuickMart,Cashfree,UPI,7329.47,SUCCESS,,75.08,7254.39,2026-03-13,RECONCILED
823,2026-01-22,QuickMart,Cashfree,UPI,11274.06,FAILED,Limit exceeded,145.33,0,,NOT_APPLICABLE
824,2026-02-23,FoodHub,Stripe,UPI,13814.16,SUCCESS,,252.94,13561.22,2026-02-23,RECONCILED
825,2026-02-20,TravelNow,Razorpay,NetBanking,5666.02,FAILED,Insufficient funds,41.4,0,,NOT_APPLICABLE
826,2026-03-26,TravelNow,PayU,UPI,7249.84,SUCCESS,,72.07,7177.77,2026-03-26,RECONCILED
827,2026-02-11,StyleKart,Cashfree,Card,14216.53,PENDING,Invalid credentials,255.18,0,,NOT_APPLICABLE
828,2026-01-08,TravelNow,Stripe,UPI,11182.62,SUCCESS,,122.82,11059.8,2026-01-08,RECONCILED
829,2026-01-12,StyleKart,Stripe,Wallet,405.63,SUCCESS,,3.76,401.87,2026-01-14,RECONCILED
830,2026-03-04,MediPlus,PayU,Card,12036.4,SUCCESS,,125.01,11911.39,2026-03-04,RECONCILED
831,2026-01-26,FoodHub,Stripe,NetBanking,7395.38,FAILED,Technical error,99.44,0,,NOT_APPLICABLE
832,2026-02-24,TravelNow,Stripe,Wallet,12183.82,SUCCESS,,77.91,12105.91,2026-02-26,RECONCILED
833,2026-03-28,StyleKart,Cashfree,Wallet,3441.03,SUCCESS,,44.42,3396.61,2026-03-30,RECONCILED
834,2026-03-01,StyleKart,Stripe,NetBanking,6616.6,FAILED,Bank timeout,47.83,0,,NOT_APPLICABLE
835,2026-02-01,TravelNow,Razorpay,UPI,7894.07,SUCCESS,,148.09,7745.98,2026-02-03,RECONCILED
836,2026-02-22,FoodHub,PayU,NetBanking,1507.82,SUCCESS,,13.3,1494.52,2026-02-22,RECONCILED
837,2026-01-15,StyleKart,Cashfree,Wallet,11133.69,SUCCESS,,63.23,11070.46,2026-01-16,RECONCILED
838,2026-02-10,FoodHub,Stripe,NetBanking,8849.4,SUCCESS,,89.56,8759.84,2026-02-10,RECONCILED
839,2026-03-19,TravelNow,Stripe,UPI,3963.83,SUCCESS,,20.17,3943.66,2026-03-19,UNRECONCILED
840,2026-02-28,StyleKart,Stripe,NetBanking,10407.91,FAILED,Limit exceeded,148.6,0,,NOT_APPLICABLE
841,2026-03-30,FoodHub,Stripe,NetBanking,10139.67,SUCCESS,,64.03,10075.64,2026-03-30,UNRECONCILED
842,2026-01-03,TravelNow,Razorpay,Card,10470.88,SUCCESS,,127.92,10342.96,2026-01-03,RECONCILED
843,2026-03-22,FoodHub,Razorpay,NetBanking,12887.02,SUCCESS,,213.23,12673.79,2026-03-22,RECONCILED
844,2026-01-15,QuickMart,Stripe,Wallet,2574.97,SUCCESS,,31.09,2543.88,2026-01-16,RECONCILED
845,2026-02-07,TravelNow,Razorpay,NetBanking,8584.51,FAILED,Technical error,43.94,0,,NOT_APPLICABLE
846,2026-03-05,MediPlus,PayU,UPI,11082.47,SUCCESS,,136.45,10946.02,2026-03-06,RECONCILED
847,2026-03-28,MediPlus,Cashfree,UPI,13585.59,FAILED,Technical error,175.59,0,,NOT_APPLICABLE
848,2026-02-10,StyleKart,Stripe,Wallet,8343.51,SUCCESS,,56.35,8287.16,2026-02-12,RECONCILED
849,2026-02-27,QuickMart,PayU,Card,10492.97,SUCCESS,,126.32,10366.65,2026-02-28,RECONCILED
850,2026-03-17,TravelNow,Stripe,Card,13645.15,SUCCESS,,248.99,13396.16,2026-03-19,RECONCILED
851,2026-03-28,FoodHub,Stripe,Card,9822.25,SUCCESS,,140.73,9681.52,2026-03-29,RECONCILED
852,2026-03-27,TravelNow,Cashfree,Wallet,7295.06,SUCCESS,,47.52,7247.54,2026-03-28,RECONCILED
853,2026-02-08,QuickMart,Razorpay,NetBanking,3597.31,SUCCESS,,65.52,3531.79,2026-02-09,RECONCILED
854,2026-03-06,TravelNow,Stripe,UPI,576.35,SUCCESS,,8.22,568.13,2026-03-06,RECONCILED
855,2026-02-03,MediPlus,Razorpay,NetBanking,14905.58,SUCCESS,,274.93,14630.65,2026-02-05,RECONCILED
856,2026-03-27,MediPlus,Stripe,Wallet,1651.72,SUCCESS,,32.11,1619.61,2026-03-27,RECONCILED
857,2026-03-20,QuickMart,Razorpay,UPI,11754.13,FAILED,Insufficient funds,88.22,0,,NOT_APPLICABLE
858,2026-02-16,StyleKart,Stripe,Wallet,2439.78,SUCCESS,,39.01,2400.77,2026-02-16,RECONCILED
859,2026-02-12,TravelNow,Cashfree,Wallet,12305.5,SUCCESS,,240.51,12064.99,2026-02-12,RECONCILED
860,2026-02-13,QuickMart,PayU,NetBanking,4372.7,SUCCESS,,68.77,4303.93,2026-02-14,RECONCILED
861,2026-01-20,TravelNow,Cashfree,Card,11322.77,SUCCESS,,192.79,11129.98,2026-01-21,RECONCILED
862,2026-03-08,MediPlus,Razorpay,Wallet,11939.65,SUCCESS,,85.77,11853.88,2026-03-08,RECONCILED
863,2026-01-09,QuickMart,Cashfree,Wallet,1363.2,SUCCESS,,8.07,1355.13,2026-01-09,RECONCILED
864,2026-03-15,StyleKart,PayU,Wallet,961.37,SUCCESS,,10.6,950.77,2026-03-17,RECONCILED
865,2026-02-10,MediPlus,PayU,Card,13647.54,SUCCESS,,211.6,13435.94,2026-02-11,RECONCILED
866,2026-03-21,MediPlus,PayU,Wallet,11846.29,SUCCESS,,197.02,11649.27,2026-03-22,RECONCILED
867,2026-02-12,MediPlus,Cashfree,NetBanking,5910.9,SUCCESS,,48.5,5862.4,2026-02-14,RECONCILED
868,2026-02-13,MediPlus,Razorpay,NetBanking,11379.99,SUCCESS,,98.1,11281.89,2026-02-14,RECONCILED
869,2026-01-15,TravelNow,PayU,NetBanking,11006.59,FAILED,Insufficient funds,75.47,0,,NOT_APPLICABLE
870,2026-02-08,MediPlus,PayU,Card,8629.29,SUCCESS,,147.4,8481.89,2026-02-10,RECONCILED
871,2026-03-18,MediPlus,Cashfree,Wallet,3584.18,SUCCESS,,45.86,3538.32,2026-03-18,RECONCILED
872,2026-03-16,FoodHub,Stripe,UPI,2969.07,SUCCESS,,21.37,2947.7,2026-03-17,RECONCILED
873,2026-01-12,MediPlus,Stripe,Card,1026.69,FAILED,Invalid credentials,12.0,0,,NOT_APPLICABLE
874,2026-02-21,TravelNow,Stripe,NetBanking,8864.77,SUCCESS,,122.02,8742.75,2026-02-23,RECONCILED
875,2026-03-30,TravelNow,Stripe,Card,13972.43,SUCCESS,,100.12,13872.31,2026-03-30,RECONCILED
876,2026-01-17,MediPlus,Razorpay,Card,14523.67,SUCCESS,,171.84,14351.83,2026-01-17,RECONCILED
877,2026-02-17,MediPlus,Stripe,UPI,13833.29,SUCCESS,,94.25,13739.04,2026-02-19,RECONCILED
878,2026-01-20,QuickMart,PayU,NetBanking,1854.36,SUCCESS,,17.45,1836.91,2026-01-20,RECONCILED
879,2026-03-17,FoodHub,PayU,NetBanking,6384.18,FAILED,Technical error,52.57,0,,NOT_APPLICABLE
880,2026-01-16,StyleKart,Razorpay,Wallet,8258.31,SUCCESS,,100.9,8157.41,2026-01-17,RECONCILED
881,2026-02-18,TravelNow,Cashfree,Card,7180.89,SUCCESS,,90.27,7090.62,2026-02-19,RECONCILED
882,2026-01-20,FoodHub,Stripe,Wallet,13008.55,SUCCESS,,110.47,12898.08,2026-01-21,RECONCILED
883,2026-03-27,StyleKart,Razorpay,Card,13361.64,SUCCESS,,208.55,13153.09,2026-03-29,RECONCILED
884,2026-03-13,FoodHub,Razorpay,Card,9712.88,SUCCESS,,187.73,9525.15,2026-03-15,RECONCILED
885,2026-03-14,FoodHub,Razorpay,UPI,7874.13,SUCCESS,,117.12,7757.01,2026-03-16,RECONCILED
886,2026-02-05,MediPlus,Stripe,UPI,11822.68,SUCCESS,,202.21,11620.47,2026-02-07,RECONCILED
887,2026-01-06,MediPlus,PayU,Wallet,7422.95,FAILED,Insufficient funds,57.21,0,,NOT_APPLICABLE
888,2026-02-10,FoodHub,Razorpay,Card,5791.96,SUCCESS,,53.75,5738.21,2026-02-10,RECONCILED
889,2026-01-20,FoodHub,Cashfree,UPI,4671.23,SUCCESS,,66.41,4604.82,2026-01-21,RECONCILED
890,2026-02-08,QuickMart,Stripe,NetBanking,5910.1,SUCCESS,,52.42,5857.68,2026-02-08,RECONCILED
891,2026-03-18,TravelNow,Stripe,UPI,8831.83,SUCCESS,,79.83,8752.0,2026-03-19,RECONCILED
892,2026-01-09,QuickMart,Cashfree,UPI,7314.16,SUCCESS,,66.1,7248.06,2026-01-11,RECONCILED
893,2026-03-13,QuickMart,Stripe,Wallet,9808.11,SUCCESS,,61.39,9746.72,2026-03-15,RECONCILED
894,2026-02-17,FoodHub,Cashfree,Wallet,8152.55,SUCCESS,,158.32,7994.23,2026-02-19,RECONCILED
895,2026-03-01,StyleKart,Cashfree,UPI,14420.61,SUCCESS,,85.12,14335.49,2026-03-02,RECONCILED
896,2026-03-29,FoodHub,Cashfree,NetBanking,5764.29,SUCCESS,,32.75,5731.54,2026-03-31,RECONCILED
897,2026-02-08,StyleKart,Cashfree,NetBanking,1436.76,SUCCESS,,26.11,1410.65,2026-02-08,RECONCILED
898,2026-03-29,TravelNow,Stripe,NetBanking,14186.59,SUCCESS,,123.27,14063.32,2026-03-30,RECONCILED
899,2026-03-18,FoodHub,Cashfree,UPI,4994.01,FAILED,Insufficient funds,70.57,0,,NOT_APPLICABLE
900,2026-03-28,MediPlus,Stripe,Wallet,2685.69,SUCCESS,,35.11,2650.58,2026-03-30,RECONCILED
901,2026-01-04,StyleKart,Stripe,UPI,13399.33,SUCCESS,,137.95,13261.38,2026-01-05,RECONCILED
902,2026-02-19,QuickMart,Razorpay,UPI,2740.08,SUCCESS,,32.72,2707.36,2026-02-19,RECONCILED
903,2026-01-03,QuickMart,PayU,Card,11400.47,SUCCESS,,72.39,11328.08,2026-01-05,RECONCILED
904,2026-01-30,QuickMart,Razorpay,NetBanking,14703.77,PENDING,Limit exceeded,182.22,0,,NOT_APPLICABLE
905,2026-01-01,MediPlus,Stripe,UPI,3021.69,FAILED,Limit exceeded,54.54,0,,NOT_APPLICABLE
906,2026-03-05,StyleKart,Cashfree,UPI,2640.11,SUCCESS,,36.49,2603.62,2026-03-07,RECONCILED
907,2026-03-14,MediPlus,PayU,Card,12846.64,FAILED,Insufficient funds,227.58,0,,NOT_APPLICABLE
908,2026-03-20,FoodHub,Stripe,UPI,3868.52,SUCCESS,,73.77,3794.75,2026-03-22,RECONCILED
909,2026-02-11,TravelNow,PayU,UPI,6544.97,PENDING,Technical error,99.5,0,,NOT_APPLICABLE
910,2026-02-16,StyleKart,Cashfree,UPI,7807.13,SUCCESS,,71.58,7735.55,2026-02-17,RECONCILED
911,2026-01-01,QuickMart,Razorpay,Card,5938.7,SUCCESS,,116.82,5821.88,2026-01-02,RECONCILED
912,2026-01-26,StyleKart,Razorpay,UPI,2550.78,SUCCESS,,31.12,2519.66,2026-01-26,RECONCILED
913,2026-02-02,FoodHub,PayU,UPI,3782.59,SUCCESS,,65.53,3717.06,2026-02-04,RECONCILED
914,2026-03-18,TravelNow,Stripe,UPI,9331.54,SUCCESS,,58.63,9272.91,2026-03-18,RECONCILED
915,2026-02-10,MediPlus,Cashfree,UPI,13362.25,SUCCESS,,251.03,13111.22,2026-02-11,RECONCILED
916,2026-03-22,MediPlus,Razorpay,UPI,6534.4,SUCCESS,,61.58,6472.82,2026-03-23,RECONCILED
917,2026-02-22,MediPlus,Razorpay,Wallet,3573.37,SUCCESS,,38.45,3534.92,2026-02-23,RECONCILED
918,2026-01-13,QuickMart,Razorpay,Wallet,5160.29,FAILED,Limit exceeded,65.84,0,,NOT_APPLICABLE
919,2026-01-14,StyleKart,Razorpay,Card,1630.08,SUCCESS,,30.26,1599.82,2026-01-14,RECONCILED
920,2026-02-15,StyleKart,Stripe,Card,6373.0,SUCCESS,,55.11,6317.89,2026-02-15,RECONCILED
921,2026-03-16,QuickMart,PayU,NetBanking,6594.14,PENDING,Limit exceeded,90.7,0,,NOT_APPLICABLE
922,2026-01-19,QuickMart,PayU,NetBanking,7095.9,SUCCESS,,138.75,6957.15,2026-01-21,RECONCILED
923,2026-01-08,QuickMart,Razorpay,Wallet,3637.07,SUCCESS,,36.94,3600.13,2026-01-08,RECONCILED
924,2026-01-09,MediPlus,Stripe,NetBanking,5189.12,SUCCESS,,92.26,5096.86,2026-01-11,RECONCILED
925,2026-02-08,QuickMart,Stripe,UPI,6338.56,SUCCESS,,78.85,6259.71,2026-02-08,RECONCILED
926,2026-03-01,FoodHub,PayU,Wallet,9396.41,SUCCESS,,75.92,9320.49,2026-03-01,RECONCILED
927,2026-02-16,StyleKart,Razorpay,Card,247.39,SUCCESS,,2.32,245.07,2026-02-16,RECONCILED
928,2026-01-06,StyleKart,PayU,Card,14632.11,SUCCESS,,121.21,14510.9,2026-01-07,RECONCILED
929,2026-03-12,QuickMart,Cashfree,NetBanking,3764.87,SUCCESS,,70.25,3694.62,2026-03-12,RECONCILED
930,2026-02-18,StyleKart,PayU,Card,9857.55,FAILED,Bank timeout,94.4,0,,NOT_APPLICABLE
931,2026-02-17,QuickMart,Stripe,UPI,9947.54,FAILED,Bank timeout,67.42,0,,NOT_APPLICABLE
932,2026-01-25,MediPlus,PayU,Wallet,8035.07,SUCCESS,,157.93,7877.14,2026-01-25,RECONCILED
933,2026-03-17,QuickMart,Cashfree,NetBanking,2917.62,SUCCESS,,25.41,2892.21,2026-03-19,RECONCILED
934,2026-03-07,FoodHub,Cashfree,UPI,14528.93,FAILED,Limit exceeded,243.65,0,,NOT_APPLICABLE
935,2026-01-22,StyleKart,PayU,Wallet,7678.35,SUCCESS,,98.16,7580.19,2026-01-22,RECONCILED
936,2026-03-09,MediPlus,Stripe,Wallet,10448.19,SUCCESS,,94.3,10353.89,2026-03-10,RECONCILED
937,2026-03-25,TravelNow,Cashfree,Wallet,645.41,SUCCESS,,11.58,633.83,2026-03-26,RECONCILED
938,2026-02-18,FoodHub,PayU,NetBanking,8613.42,FAILED,Bank timeout,114.2,0,,NOT_APPLICABLE
939,2026-02-07,TravelNow,Razorpay,Wallet,6723.13,SUCCESS,,85.28,6637.85,2026-02-08,RECONCILED
940,2026-02-25,StyleKart,PayU,NetBanking,6193.4,SUCCESS,,66.49,6126.91,2026-02-25,RECONCILED
941,2026-03-24,FoodHub,PayU,UPI,1230.74,FAILED,Bank timeout,20.66,0,,NOT_APPLICABLE
942,2026-01-16,StyleKart,Cashfree,NetBanking,1163.1,SUCCESS,,9.25,1153.85,2026-01-17,RECONCILED
943,2026-01-25,StyleKart,PayU,UPI,10614.08,PENDING,Invalid credentials,175.68,0,,NOT_APPLICABLE
944,2026-02-21,TravelNow,Razorpay,Wallet,14192.64,FAILED,Bank timeout,210.21,0,,NOT_APPLICABLE
945,2026-01-30,TravelNow,Stripe,Card,3481.2,SUCCESS,,44.34,3436.86,2026-02-01,RECONCILED
946,2026-02-13,TravelNow,Cashfree,Wallet,11899.53,SUCCESS,,196.96,11702.57,2026-02-15,RECONCILED
947,2026-02-27,StyleKart,Cashfree,Card,12808.87,SUCCESS,,122.75,12686.12,2026-03-01,UNRECONCILED
948,2026-02-13,FoodHub,Stripe,NetBanking,3459.81,SUCCESS,,34.22,3425.59,2026-02-13,RECONCILED
949,2026-01-18,TravelNow,PayU,Wallet,2390.0,PENDING,Bank timeout,47.09,0,,NOT_APPLICABLE
950,2026-01-09,StyleKart,Razorpay,NetBanking,8063.91,SUCCESS,,109.21,7954.7,2026-01-10,RECONCILED
951,2026-01-12,QuickMart,Cashfree,UPI,2654.21,SUCCESS,,46.18,2608.03,2026-01-14,RECONCILED
952,2026-01-26,FoodHub,PayU,Card,1135.42,PENDING,Limit exceeded,9.65,0,,NOT_APPLICABLE
953,2026-02-28,FoodHub,Cashfree,NetBanking,956.05,SUCCESS,,17.11,938.94,2026-03-01,RECONCILED
954,2026-01-17,QuickMart,Razorpay,Wallet,8093.15,SUCCESS,,156.41,7936.74,2026-01-17,RECONCILED
955,2026-02-09,MediPlus,Stripe,Card,6539.79,SUCCESS,,91.92,6447.87,2026-02-10,RECONCILED
956,2026-03-29,QuickMart,Cashfree,Wallet,6938.45,SUCCESS,,41.35,6897.1,2026-03-30,RECONCILED
957,2026-03-09,StyleKart,Stripe,Wallet,5000.48,SUCCESS,,59.71,4940.77,2026-03-09,RECONCILED
958,2026-03-24,QuickMart,PayU,Wallet,13226.81,SUCCESS,,187.76,13039.05,2026-03-24,RECONCILED
959,2026-03-21,QuickMart,Cashfree,UPI,11025.33,SUCCESS,,120.21,10905.12,2026-03-21,RECONCILED
960,2026-02-05,MediPlus,Razorpay,Card,13250.08,SUCCESS,,246.86,13003.22,2026-02-06,RECONCILED
961,2026-01-16,MediPlus,Razorpay,NetBanking,14930.21,SUCCESS,,166.49,14763.72,2026-01-16,RECONCILED
962,2026-01-06,TravelNow,Stripe,Wallet,6986.3,SUCCESS,,70.94,6915.36,2026-01-07,RECONCILED
963,2026-01-05,FoodHub,Cashfree,NetBanking,259.99,SUCCESS,,3.91,256.08,2026-01-06,RECONCILED
964,2026-01-11,QuickMart,Stripe,Card,8271.59,SUCCESS,,99.77,8171.82,2026-01-12,RECONCILED
965,2026-01-03,StyleKart,Razorpay,Wallet,9144.13,SUCCESS,,68.83,9075.3,2026-01-05,RECONCILED
966,2026-01-20,MediPlus,Razorpay,Card,6665.8,SUCCESS,,77.53,6588.27,2026-01-20,RECONCILED
967,2026-03-24,FoodHub,Razorpay,Wallet,9971.85,SUCCESS,,153.12,9818.73,2026-03-25,RECONCILED
968,2026-01-07,TravelNow,Cashfree,NetBanking,11608.9,SUCCESS,,216.29,11392.61,2026-01-07,RECONCILED
969,2026-01-04,QuickMart,Cashfree,UPI,14840.43,SUCCESS,,123.3,14717.13,2026-01-04,RECONCILED
970,2026-01-22,MediPlus,PayU,NetBanking,755.79,SUCCESS,,10.15,745.64,2026-01-22,RECONCILED
971,2026-02-20,StyleKart,Cashfree,UPI,14089.96,SUCCESS,,145.81,13944.15,2026-02-20,UNRECONCILED
972,2026-01-02,QuickMart,Razorpay,NetBanking,5898.88,SUCCESS,,87.0,5811.88,2026-01-03,RECONCILED
973,2026-02-22,TravelNow,Razorpay,Card,4592.86,SUCCESS,,40.32,4552.54,2026-02-22,RECONCILED
974,2026-03-28,TravelNow,Cashfree,NetBanking,13875.85,SUCCESS,,105.87,13769.98,2026-03-30,RECONCILED
975,2026-01-09,MediPlus,Stripe,Wallet,5093.07,SUCCESS,,64.51,5028.56,2026-01-11,RECONCILED
976,2026-01-02,MediPlus,Razorpay,NetBanking,3565.83,SUCCESS,,30.47,3535.36,2026-01-03,RECONCILED
977,2026-01-11,QuickMart,PayU,Card,992.85,SUCCESS,,7.22,985.63,2026-01-11,RECONCILED
978,2026-03-18,FoodHub,PayU,Card,14829.42,SUCCESS,,136.01,14693.41,2026-03-20,RECONCILED
979,2026-03-08,QuickMart,PayU,UPI,11897.52,SUCCESS,,100.36,11797.16,2026-03-10,RECONCILED
980,2026-01-27,MediPlus,Cashfree,Card,8135.75,FAILED,Technical error,114.88,0,,NOT_APPLICABLE
981,2026-02-11,QuickMart,Razorpay,Wallet,2834.83,SUCCESS,,17.15,2817.68,2026-02-11,RECONCILED
982,2026-01-27,StyleKart,Cashfree,Card,1970.86,SUCCESS,,24.86,1946.0,2026-01-28,RECONCILED
983,2026-01-22,QuickMart,Cashfree,Card,10852.94,SUCCESS,,103.61,10749.33,2026-01-24,RECONCILED
984,2026-02-04,MediPlus,PayU,Wallet,12950.14,SUCCESS,,138.12,12812.02,2026-02-05,RECONCILED
985,2026-03-20,StyleKart,Stripe,UPI,11050.43,SUCCESS,,181.55,10868.88,2026-03-21,RECONCILED
986,2026-03-18,TravelNow,Cashfree,NetBanking,8104.25,SUCCESS,,86.77,8017.48,2026-03-19,RECONCILED
987,2026-03-13,MediPlus,Cashfree,Wallet,9129.78,SUCCESS,,72.45,9057.33,2026-03-13,UNRECONCILED
988,2026-02-17,MediPlus,Stripe,NetBanking,7422.66,FAILED,Invalid credentials,79.87,0,,NOT_APPLICABLE
989,2026-01-10,TravelNow,Razorpay,Wallet,6190.94,SUCCESS,,117.52,6073.42,2026-01-10,RECONCILED
990,2026-02-02,TravelNow,PayU,Wallet,11591.93,SUCCESS,,168.37,11423.56,2026-02-03,RECONCILED
991,2026-02-24,QuickMart,Razorpay,NetBanking,11061.4,SUCCESS,,160.0,10901.4,2026-02-26,UNRECONCILED
992,2026-02-03,QuickMart,Cashfree,NetBanking,9120.99,FAILED,Limit exceeded,79.45,0,,NOT_APPLICABLE
993,2026-01-02,QuickMart,Stripe,Wallet,1839.29,SUCCESS,,28.68,1810.61,2026-01-02,RECONCILED
994,2026-02-24,FoodHub,PayU,Wallet,2570.77,SUCCESS,,35.45,2535.32,2026-02-26,RECONCILED
995,2026-01-14,TravelNow,PayU,Card,9579.09,SUCCESS,,86.55,9492.54,2026-01-14,RECONCILED
996,2026-03-31,MediPlus,Stripe,UPI,4690.7,PENDING,Technical error,30.27,0,,NOT_APPLICABLE
997,2026-02-23,TravelNow,Cashfree,Card,9852.37,SUCCESS,,104.63,9747.74,2026-02-25,RECONCILED
998,2026-01-24,QuickMart,Cashfree,Card,7588.94,SUCCESS,,60.82,7528.12,2026-01-26,RECONCILED
999,2026-02-03,FoodHub,Stripe,UPI,14745.91,FAILED,Bank timeout,265.8,0,,NOT_APPLICABLE
1000,2026-02-07,FoodHub,Razorpay,NetBanking,1377.04,SUCCESS,,7.5,1369.54,2026-02-07,RECONCILED
